Code,Name,Market,Marcap
095570,AJ네트웍스,KOSPI,0.0
006840,AK홀딩스,KOSPI,0.0
027410,BGF,KOSPI,0.0
282330,BGF리테일,KOSPI,0.0
138930,BNK금융지주,KOSPI,0.0
001460,BYC,KOSPI,0.0
001465,BYC우,KOSPI,0.0
001040,CJ,KOSPI,0.0
079160,CJ CGV,KOSPI,0.0
00104K,CJ4우(전환),KOSPI,0.0
000120,CJ대한통운,KOSPI,0.0
011150,CJ씨푸드,KOSPI,0.0
011155,CJ씨푸드1우,KOSPI,0.0
001045,CJ우,KOSPI,0.0
097950,CJ제일제당,KOSPI,0.0
097955,CJ제일제당 우,KOSPI,0.0
000480,CR홀딩스,KOSPI,0.0
000590,CS홀딩스,KOSPI,0.0
012030,DB,KOSPI,0.0
005830,DB손해보험,KOSPI,0.0
016610,DB증권,KOSPI,0.0
000990,DB하이텍,KOSPI,0.0
000300,DH오토넥스,KOSPI,0.0
001530,DI동일,KOSPI,0.0
015590,DKME,KOSPI,0.0
000210,DL,KOSPI,0.0
000215,DL우,KOSPI,0.0
375500,DL이앤씨,KOSPI,0.0
37550L,DL이앤씨2우(전환),KOSPI,0.0
37550K,DL이앤씨우,KOSPI,0.0
007340,DN오토모티브,KOSPI,0.0
004840,DRB동일,KOSPI,0.0
155660,DSR,KOSPI,0.0
069730,DSR제강,KOSPI,0.0
017860,DS단석,KOSPI,0.0
092780,DYP,KOSPI,0.0
017940,E1,KOSPI,0.0
365550,ESR켄달스퀘어리츠,KOSPI,0.0
383220,F&F,KOSPI,0.0
007700,F&F홀딩스,KOSPI,0.0
114090,GKL,KOSPI,0.0
078930,GS,KOSPI,0.0
006360,GS건설,KOSPI,0.0
001250,GS글로벌,KOSPI,0.0
007070,GS리테일,KOSPI,0.0
078935,GS우,KOSPI,0.0
499790,GS피앤엘,KOSPI,0.0
012630,HDC,KOSPI,0.0
039570,HDC랩스,KOSPI,0.0
089470,HDC현대EP,KOSPI,0.0
294870,HDC현대산업개발,KOSPI,0.0
009540,HD한국조선해양,KOSPI,0.0
267250,HD현대,KOSPI,0.0
267270,HD현대건설기계,KOSPI,0.0
443060,HD현대마린솔루션,KOSPI,0.0
071970,HD현대마린엔진,KOSPI,0.0
010620,HD현대미포,KOSPI,0.0
322000,HD현대에너지솔루션,KOSPI,0.0
042670,HD현대인프라코어,KOSPI,0.0
267260,HD현대일렉트릭,KOSPI,0.0
329180,HD현대중공업,KOSPI,0.0
097230,HJ중공업,KOSPI,0.0
014790,HL D&I,KOSPI,0.0
003580,HLB글로벌,KOSPI,0.0
204320,HL만도,KOSPI,0.0
060980,HL홀딩스,KOSPI,0.0
011200,HMM,KOSPI,0.0
035000,HS애드,KOSPI,0.0
002460,HS화성,KOSPI,0.0
487570,HS효성,KOSPI,0.0
298050,HS효성첨단소재,KOSPI,0.0
003560,IHQ,KOSPI,0.0
015360,INVENI,KOSPI,0.0
175330,JB금융지주,KOSPI,0.0
234080,JW생명과학,KOSPI,0.0
001060,JW중외제약,KOSPI,0.0
001067,JW중외제약2우B,KOSPI,0.0
001065,JW중외제약우,KOSPI,0.0
096760,JW홀딩스,KOSPI,0.0
105560,KB금융,KOSPI,0.0
415640,KB발해인프라,KOSPI,0.0
432320,KB스타리츠,KOSPI,0.0
002380,KCC,KOSPI,0.0
344820,KCC글라스,KOSPI,0.0
009070,KCTC,KOSPI,0.0
009440,KC그린홀딩스,KOSPI,0.0
119650,KC코트렐,KOSPI,0.0
092220,KEC,KOSPI,0.0
003620,KG모빌리티,KOSPI,0.0
016380,KG스틸,KOSPI,0.0
001390,KG케미칼,KOSPI,0.0
033180,KH 필룩스,KOSPI,0.0
001940,KISCO홀딩스,KOSPI,0.0
025000,KPX케미칼,KOSPI,0.0
092230,KPX홀딩스,KOSPI,0.0
000040,KR모터스,KOSPI,0.0
044450,KSS해운,KOSPI,0.0
030200,KT,KOSPI,0.0
033780,KT&G,KOSPI,0.0
058850,KTcs,KOSPI,0.0
058860,KTis,KOSPI,0.0
093050,LF,KOSPI,0.0
003550,LG,KOSPI,0.0
034220,LG디스플레이,KOSPI,0.0
051900,LG생활건강,KOSPI,0.0
051905,LG생활건강우,KOSPI,0.0
064400,LG씨엔에스,KOSPI,0.0
373220,LG에너지솔루션,KOSPI,0.0
003555,LG우,KOSPI,0.0
032640,LG유플러스,KOSPI,0.0
011070,LG이노텍,KOSPI,0.0
066570,LG전자,KOSPI,0.0
066575,LG전자우,KOSPI,0.0
037560,LG헬로비전,KOSPI,0.0
051910,LG화학,KOSPI,0.0
051915,LG화학우,KOSPI,0.0
079550,LIG넥스원,KOSPI,0.0
006260,LS,KOSPI,0.0
010120,LS ELECTRIC,KOSPI,0.0
000680,LS네트웍스,KOSPI,0.0
229640,LS에코에너지,KOSPI,0.0
108320,LX세미콘,KOSPI,0.0
001120,LX인터내셔널,KOSPI,0.0
108670,LX하우시스,KOSPI,0.0
108675,LX하우시스우,KOSPI,0.0
383800,LX홀딩스,KOSPI,0.0
38380K,LX홀딩스1우,KOSPI,0.0
023150,MH에탄올,KOSPI,0.0
035420,NAVER,KOSPI,0.0
181710,NHN,KOSPI,0.0
400760,NH올원리츠,KOSPI,0.0
005940,NH투자증권,KOSPI,0.0
005945,NH투자증권우,KOSPI,0.0
338100,NH프라임리츠,KOSPI,0.0
034310,NICE,KOSPI,0.0
030190,NICE평가정보,KOSPI,0.0
008260,NI스틸,KOSPI,0.0
004250,NPC,KOSPI,0.0
004255,NPC우,KOSPI,0.0
456040,OCI,KOSPI,0.0
010060,OCI홀딩스,KOSPI,0.0
178920,PI첨단소재,KOSPI,0.0
001340,PKC,KOSPI,0.0
005490,POSCO홀딩스,KOSPI,0.0
010950,S-Oil,KOSPI,0.0
010955,S-Oil우,KOSPI,0.0
034120,SBS,KOSPI,0.0
003080,SB성보,KOSPI,0.0
005090,SGC에너지,KOSPI,0.0
001380,SG글로벌,KOSPI,0.0
004060,SG세계물산,KOSPI,0.0
001770,SHD,KOSPI,0.0
002360,SH에너지화학,KOSPI,0.0
009160,SIMPAC,KOSPI,0.0
033530,SJG세종,KOSPI,0.0
123700,SJM,KOSPI,0.0
025530,SJM홀딩스,KOSPI,0.0
034730,SK,KOSPI,0.0
011790,SKC,KOSPI,0.0
018670,SK가스,KOSPI,0.0
001740,SK네트웍스,KOSPI,0.0
006120,SK디스커버리,KOSPI,0.0
006125,SK디스커버리우,KOSPI,0.0
210980,SK디앤디,KOSPI,0.0
395400,SK리츠,KOSPI,0.0
302440,SK바이오사이언스,KOSPI,0.0
326030,SK바이오팜,KOSPI,0.0
402340,SK스퀘어,KOSPI,0.0
361610,SK아이이테크놀로지,KOSPI,0.0
100090,SK오션플랜트,KOSPI,0.0
03473K,SK우,KOSPI,0.0
096770,SK이노베이션,KOSPI,0.0
096775,SK이노베이션우,KOSPI,0.0
475150,SK이터닉스,KOSPI,0.0
001510,SK증권,KOSPI,0.0
001515,SK증권우,KOSPI,0.0
285130,SK케미칼,KOSPI,0.0
28513K,SK케미칼우,KOSPI,0.0
017670,SK텔레콤,KOSPI,0.0
000660,SK하이닉스,KOSPI,0.0
003570,SNT다이내믹스,KOSPI,0.0
064960,SNT모티브,KOSPI,0.0
100840,SNT에너지,KOSPI,0.0
036530,SNT홀딩스,KOSPI,0.0
005610,SPC삼립,KOSPI,0.0
011810,STX,KOSPI,0.0
465770,STX그린로지스,KOSPI,0.0
077970,STX엔진,KOSPI,0.0
002820,SUN&L,KOSPI,0.0
084870,TBH글로벌,KOSPI,0.0
002710,TCC스틸,KOSPI,0.0
069260,TKG휴켐스,KOSPI,0.0
007980,TP,KOSPI,0.0
002900,TYM,KOSPI,0.0
024070,WISCOM,KOSPI,0.0
037270,YG PLUS,KOSPI,0.0
139130,iM금융지주,KOSPI,0.0
000500,가온전선,KOSPI,0.0
000860,강남제비스코,KOSPI,0.0
035250,강원랜드,KOSPI,0.0
011420,갤럭시아에스엠,KOSPI,0.0
002100,경농,KOSPI,0.0
009450,경동나비엔,KOSPI,0.0
267290,경동도시가스,KOSPI,0.0
012320,경동인베스트,KOSPI,0.0
000050,경방,KOSPI,0.0
214390,경보제약,KOSPI,0.0
012610,경인양행,KOSPI,0.0
009140,경인전자,KOSPI,0.0
013580,계룡건설,KOSPI,0.0
012200,계양전기,KOSPI,0.0
012205,계양전기우,KOSPI,0.0
002140,고려산업,KOSPI,0.0
010130,고려아연,KOSPI,0.0
002240,고려제강,KOSPI,0.0
009290,광동제약,KOSPI,0.0
017040,광명전기,KOSPI,0.0
017900,광전자,KOSPI,0.0
037710,광주신세계,KOSPI,0.0
030610,교보증권,KOSPI,0.0
339770,교촌에프앤비,KOSPI,0.0
007690,국도화학,KOSPI,0.0
001140,국보,KOSPI,0.0
002720,국제약품,KOSPI,0.0
083420,그린케미칼,KOSPI,0.0
014530,극동유화,KOSPI,0.0
014280,금강공업,KOSPI,0.0
014285,금강공업우,KOSPI,0.0
008870,금비,KOSPI,0.0
001570,금양,KOSPI,0.0
002990,금호건설,KOSPI,0.0
002995,금호건설우,KOSPI,0.0
011780,금호석유화학,KOSPI,0.0
011785,금호석유화학우,KOSPI,0.0
214330,금호에이치티,KOSPI,0.0
001210,금호전기,KOSPI,0.0
073240,금호타이어,KOSPI,0.0
092440,기신정기,KOSPI,0.0
000270,기아,KOSPI,0.0
024110,기업은행,KOSPI,0.0
013700,까뮤이앤씨,KOSPI,0.0
004540,깨끗한나라,KOSPI,0.0
004545,깨끗한나라우,KOSPI,0.0
001260,남광토건,KOSPI,0.0
008350,남선알미늄,KOSPI,0.0
008355,남선알미우,KOSPI,0.0
004270,남성,KOSPI,0.0
003920,남양유업,KOSPI,0.0
003925,남양유업우,KOSPI,0.0
025860,남해화학,KOSPI,0.0
005720,넥센,KOSPI,0.0
005725,넥센우,KOSPI,0.0
002350,넥센타이어,KOSPI,0.0
002355,넥센타이어1우B,KOSPI,0.0
092790,넥스틸,KOSPI,0.0
251270,넷마블,KOSPI,0.0
090350,노루페인트,KOSPI,0.0
090355,노루페인트우,KOSPI,0.0
000320,노루홀딩스,KOSPI,0.0
000325,노루홀딩스우,KOSPI,0.0
006280,녹십자,KOSPI,0.0
005250,녹십자홀딩스,KOSPI,0.0
005257,녹십자홀딩스2우,KOSPI,0.0
004370,농심,KOSPI,0.0
072710,농심홀딩스,KOSPI,0.0
058730,다스코,KOSPI,0.0
030210,다올투자증권,KOSPI,0.0
023590,다우기술,KOSPI,0.0
145210,다이나믹디자인,KOSPI,0.0
483650,달바글로벌,KOSPI,0.0
019680,대교,KOSPI,0.0
019685,대교우B,KOSPI,0.0
006370,대구백화점,KOSPI,0.0
008060,대덕,KOSPI,0.0
00806K,대덕1우,KOSPI,0.0
353200,대덕전자,KOSPI,0.0
35320K,대덕전자1우,KOSPI,0.0
000490,대동,KOSPI,0.0
008110,대동전자,KOSPI,0.0
005750,대림바스,KOSPI,0.0
006570,대림통상,KOSPI,0.0
001680,대상,KOSPI,0.0
001685,대상우,KOSPI,0.0
084690,대상홀딩스,KOSPI,0.0
084695,대상홀딩스우,KOSPI,0.0
128820,대성산업,KOSPI,0.0
117580,대성에너지,KOSPI,0.0
016710,대성홀딩스,KOSPI,0.0
003540,대신증권,KOSPI,0.0
003547,대신증권2우B,KOSPI,0.0
003545,대신증권우,KOSPI,0.0
009190,대양금속,KOSPI,0.0
014160,대영포장,KOSPI,0.0
047040,대우건설,KOSPI,0.0
003090,대웅,KOSPI,0.0
069620,대웅제약,KOSPI,0.0
000430,대원강업,KOSPI,0.0
006340,대원전선,KOSPI,0.0
006345,대원전선우,KOSPI,0.0
003220,대원제약,KOSPI,0.0
024890,대원화성,KOSPI,0.0
002880,대유에이텍,KOSPI,0.0
012800,대창,KOSPI,0.0
015230,대창단조,KOSPI,0.0
001070,대한방직,KOSPI,0.0
006650,대한유화,KOSPI,0.0
001440,대한전선,KOSPI,0.0
084010,대한제강,KOSPI,0.0
001790,대한제당,KOSPI,0.0
001795,대한제당우,KOSPI,0.0
001130,대한제분,KOSPI,0.0
003490,대한항공,KOSPI,0.0
003495,대한항공우,KOSPI,0.0
005880,대한해운,KOSPI,0.0
003830,대한화섬,KOSPI,0.0
016090,대현,KOSPI,0.0
069460,대호에이엘,KOSPI,0.0
475560,더본코리아,KOSPI,0.0
192080,더블유게임즈,KOSPI,0.0
012510,더존비즈온,KOSPI,0.0
004830,덕성,KOSPI,0.0
004835,덕성우,KOSPI,0.0
145720,덴티움,KOSPI,0.0
002150,도화엔지니어링,KOSPI,0.0
460850,동국씨엠,KOSPI,0.0
460860,동국제강,KOSPI,0.0
001230,동국홀딩스,KOSPI,0.0
023450,동남합성,KOSPI,0.0
004140,동방,KOSPI,0.0
007590,동방아그로,KOSPI,0.0
005960,동부건설,KOSPI,0.0
005965,동부건설우,KOSPI,0.0
026960,동서,KOSPI,0.0
002210,동성제약,KOSPI,0.0
102260,동성케미컬,KOSPI,0.0
000640,동아쏘시오홀딩스,KOSPI,0.0
170900,동아에스티,KOSPI,0.0
028100,동아지질,KOSPI,0.0
001520,동양,KOSPI,0.0
001527,동양2우B,KOSPI,0.0
084670,동양고속,KOSPI,0.0
082640,동양생명,KOSPI,0.0
001525,동양우,KOSPI,0.0
008970,동양철관,KOSPI,0.0
049770,동원F&B,KOSPI,0.0
018500,동원금속,KOSPI,0.0
006040,동원산업,KOSPI,0.0
030720,동원수산,KOSPI,0.0
014820,동원시스템즈,KOSPI,0.0
014825,동원시스템즈우,KOSPI,0.0
111380,동인기연,KOSPI,0.0
163560,동일고무벨트,KOSPI,0.0
004890,동일산업,KOSPI,0.0
002690,동일제강,KOSPI,0.0
000020,동화약품,KOSPI,0.0
000150,두산,KOSPI,0.0
000157,두산2우B,KOSPI,0.0
454910,두산로보틱스,KOSPI,0.0
241560,두산밥캣,KOSPI,0.0
034020,두산에너빌리티,KOSPI,0.0
000155,두산우,KOSPI,0.0
336260,두산퓨얼셀,KOSPI,0.0
33626K,두산퓨얼셀1우,KOSPI,0.0
33626L,두산퓨얼셀2우B,KOSPI,0.0
016740,두올,KOSPI,0.0
192650,드림텍,KOSPI,0.0
024090,디씨엠,KOSPI,0.0
003160,디아이,KOSPI,0.0
092200,디아이씨,KOSPI,0.0
377190,디앤디플랫폼리츠,KOSPI,0.0
013570,디와이,KOSPI,0.0
024900,디와이덕양,KOSPI,0.0
210540,디와이파워,KOSPI,0.0
032350,롯데관광개발,KOSPI,0.0
089860,롯데렌탈,KOSPI,0.0
330590,롯데리츠,KOSPI,0.0
000400,롯데손해보험,KOSPI,0.0
023530,롯데쇼핑,KOSPI,0.0
020150,롯데에너지머티리얼즈,KOSPI,0.0
280360,롯데웰푸드,KOSPI,0.0
286940,롯데이노베이트,KOSPI,0.0
004000,롯데정밀화학,KOSPI,0.0
004990,롯데지주,KOSPI,0.0
00499K,롯데지주우,KOSPI,0.0
005300,롯데칠성,KOSPI,0.0
005305,롯데칠성우,KOSPI,0.0
011170,롯데케미칼,KOSPI,0.0
071840,롯데하이마트,KOSPI,0.0
027740,마니커,KOSPI,0.0
357430,마스턴프리미어리츠,KOSPI,0.0
001080,만호제강,KOSPI,0.0
088980,맥쿼리인프라,KOSPI,0.0
094800,맵스리얼티1,KOSPI,0.0
138040,메리츠금융지주,KOSPI,0.0
090370,메타랩스,KOSPI,0.0
118000,메타케어,KOSPI,0.0
017180,명문제약,KOSPI,0.0
009900,명신산업,KOSPI,0.0
012690,모나리자,KOSPI,0.0
005360,모나미,KOSPI,0.0
070960,모나용평,KOSPI,0.0
009680,모토닉,KOSPI,0.0
009580,무림P&P,KOSPI,0.0
009200,무림페이퍼,KOSPI,0.0
033920,무학,KOSPI,0.0
008420,문배철강,KOSPI,0.0
025560,미래산업,KOSPI,0.0
007120,미래아이앤지,KOSPI,0.0
396690,미래에셋글로벌리츠,KOSPI,0.0
357250,미래에셋맵스리츠,KOSPI,0.0
085620,미래에셋생명,KOSPI,0.0
006800,미래에셋증권,KOSPI,0.0
00680K,미래에셋증권2우B,KOSPI,0.0
006805,미래에셋증권우,KOSPI,0.0
081660,미스토홀딩스,KOSPI,0.0
002840,미원상사,KOSPI,0.0
268280,미원에스씨,KOSPI,0.0
107590,미원홀딩스,KOSPI,0.0
134380,미원화학,KOSPI,0.0
003650,미창석유,KOSPI,0.0
377740,바이오노트,KOSPI,0.0
003610,방림,KOSPI,0.0
035150,백산,KOSPI,0.0
002410,범양건영,KOSPI,0.0
007210,벽산,KOSPI,0.0
002760,보락,KOSPI,0.0
003850,보령,KOSPI,0.0
000890,보해양조,KOSPI,0.0
003000,부광약품,KOSPI,0.0
001270,부국증권,KOSPI,0.0
001275,부국증권우,KOSPI,0.0
026940,부국철강,KOSPI,0.0
011390,부산산업,KOSPI,0.0
005030,부산주공,KOSPI,0.0
002070,비비안,KOSPI,0.0
100220,비상교육,KOSPI,0.0
090460,비에이치,KOSPI,0.0
005180,빙그레,KOSPI,0.0
003960,사조대림,KOSPI,0.0
008040,사조동아원,KOSPI,0.0
007160,사조산업,KOSPI,0.0
014710,사조씨푸드,KOSPI,0.0
006090,사조오양,KOSPI,0.0
062040,산일전기,KOSPI,0.0
001470,삼부토건,KOSPI,0.0
028050,삼성E&A,KOSPI,0.0
448730,삼성FN리츠,KOSPI,0.0
006400,삼성SDI,KOSPI,0.0
006405,삼성SDI우,KOSPI,0.0
006660,삼성공조,KOSPI,0.0
028260,삼성물산,KOSPI,0.0
02826K,삼성물산우B,KOSPI,0.0
207940,삼성바이오로직스,KOSPI,0.0
032830,삼성생명,KOSPI,0.0
018260,삼성에스디에스,KOSPI,0.0
009150,삼성전기,KOSPI,0.0
009155,삼성전기우,KOSPI,0.0
005930,삼성전자,KOSPI,0.0
005935,삼성전자우,KOSPI,0.0
001360,삼성제약,KOSPI,0.0
010140,삼성중공업,KOSPI,0.0
016360,삼성증권,KOSPI,0.0
068290,삼성출판사,KOSPI,0.0
029780,삼성카드,KOSPI,0.0
000810,삼성화재,KOSPI,0.0
000815,삼성화재우,KOSPI,0.0
006110,삼아알미늄,KOSPI,0.0
145990,삼양사,KOSPI,0.0
145995,삼양사우,KOSPI,0.0
003230,삼양식품,KOSPI,0.0
002170,삼양통상,KOSPI,0.0
272550,삼양패키징,KOSPI,0.0
000070,삼양홀딩스,KOSPI,0.0
000075,삼양홀딩스우,KOSPI,0.0
003720,삼영,KOSPI,0.0
002810,삼영무역,KOSPI,0.0
005680,삼영전자,KOSPI,0.0
023000,삼원강재,KOSPI,0.0
004380,삼익THK,KOSPI,0.0
002450,삼익악기,KOSPI,0.0
004440,삼일씨엔에스,KOSPI,0.0
000520,삼일제약,KOSPI,0.0
009770,삼정펄프,KOSPI,0.0
005500,삼진제약,KOSPI,0.0
004690,삼천리,KOSPI,0.0
010960,삼호개발,KOSPI,0.0
004450,삼화왕관,KOSPI,0.0
009470,삼화전기,KOSPI,0.0
011230,삼화전자,KOSPI,0.0
001820,삼화콘덴서,KOSPI,0.0
000390,삼화페인트,KOSPI,0.0
001290,상상인증권,KOSPI,0.0
041650,상신브레이크,KOSPI,0.0
075180,새론오토모티브,KOSPI,0.0
007540,샘표,KOSPI,0.0
248170,샘표식품,KOSPI,0.0
007860,서연,KOSPI,0.0
200880,서연이화,KOSPI,0.0
017390,서울가스,KOSPI,0.0
031210,서울보증보험,KOSPI,0.0
004410,서울식품,KOSPI,0.0
004415,서울식품우,KOSPI,0.0
021050,서원,KOSPI,0.0
008490,서흥,KOSPI,0.0
007610,선도전기,KOSPI,0.0
136490,선진,KOSPI,0.0
014910,성문전자,KOSPI,0.0
014915,성문전자우,KOSPI,0.0
004980,성신양회,KOSPI,0.0
004985,성신양회우,KOSPI,0.0
011300,성안머티리얼스,KOSPI,0.0
000180,성창기업지주,KOSPI,0.0
002420,세기상사,KOSPI,0.0
004360,세방,KOSPI,0.0
004365,세방우,KOSPI,0.0
004490,세방전지,KOSPI,0.0
001430,세아베스틸지주,KOSPI,0.0
306200,세아제강,KOSPI,0.0
003030,세아제강지주,KOSPI,0.0
019440,세아특수강,KOSPI,0.0
058650,세아홀딩스,KOSPI,0.0
013000,세우글로벌,KOSPI,0.0
091090,세원이앤씨,KOSPI,0.0
021820,세원정공,KOSPI,0.0
067830,세이브존I&C,KOSPI,0.0
075580,세진중공업,KOSPI,0.0
068270,셀트리온,KOSPI,0.0
336370,솔루스첨단소재,KOSPI,0.0
33637K,솔루스첨단소재1우,KOSPI,0.0
33637L,솔루스첨단소재2우B,KOSPI,0.0
248070,솔루엠,KOSPI,0.0
004430,송원산업,KOSPI,0.0
017550,수산세보틱스,KOSPI,0.0
126720,수산인더스트리,KOSPI,0.0
053210,스카이라이프,KOSPI,0.0
204210,스타에스엠리츠,KOSPI,0.0
026890,스틱인베스트먼트,KOSPI,0.0
134790,시디즈,KOSPI,0.0
462870,시프트업,KOSPI,0.0
016590,신대양제지,KOSPI,0.0
029530,신도리코,KOSPI,0.0
004970,신라교역,KOSPI,0.0
011930,신성이엔지,KOSPI,0.0
005390,신성통상,KOSPI,0.0
004170,신세계,KOSPI,0.0
035510,신세계 I&C,KOSPI,0.0
031430,신세계인터내셔날,KOSPI,0.0
031440,신세계푸드,KOSPI,0.0
006880,신송홀딩스,KOSPI,0.0
005800,신영와코루,KOSPI,0.0
001720,신영증권,KOSPI,0.0
009270,신원,KOSPI,0.0
002700,신일전자,KOSPI,0.0
002870,신풍,KOSPI,0.0
019170,신풍제약,KOSPI,0.0
019175,신풍제약우,KOSPI,0.0
481850,신한글로벌액티브리츠,KOSPI,0.0
404990,신한서부티엔디리츠,KOSPI,0.0
293940,신한알파리츠,KOSPI,0.0
055550,신한지주,KOSPI,0.0
004080,신흥,KOSPI,0.0
102280,쌍방울,KOSPI,0.0
004770,써니전자,KOSPI,0.0
403550,쏘카,KOSPI,0.0
004920,씨아이테크,KOSPI,0.0
112610,씨에스윈드,KOSPI,0.0
480370,씨케이솔루션,KOSPI,0.0
308170,씨티알모빌리티,KOSPI,0.0
008700,아남전자,KOSPI,0.0
090430,아모레퍼시픽,KOSPI,0.0
090435,아모레퍼시픽우,KOSPI,0.0
002790,아모레퍼시픽홀딩스,KOSPI,0.0
00279K,아모레퍼시픽홀딩스3우C,KOSPI,0.0
002795,아모레퍼시픽홀딩스우,KOSPI,0.0
002030,아세아,KOSPI,0.0
183190,아세아시멘트,KOSPI,0.0
002310,아세아제지,KOSPI,0.0
012170,아센디오,KOSPI,0.0
267850,아시아나IDT,KOSPI,0.0
020560,아시아나항공,KOSPI,0.0
122900,아이마켓코리아,KOSPI,0.0
010780,아이에스동서,KOSPI,0.0
031820,아이티센씨티에스,KOSPI,0.0
139990,아주스틸,KOSPI,0.0
009320,아진전자부품,KOSPI,0.0
001780,알루코,KOSPI,0.0
018250,애경산업,KOSPI,0.0
161000,애경케미칼,KOSPI,0.0
011090,에넥스,KOSPI,0.0
137310,에스디바이오센서,KOSPI,0.0
005850,에스엘,KOSPI,0.0
010580,에스엠벡셀,KOSPI,0.0
012750,에스원,KOSPI,0.0
023960,에쓰씨엔지니어링,KOSPI,0.0
298690,에어부산,KOSPI,0.0
140910,에이리츠,KOSPI,0.0
078520,에이블씨엔씨,KOSPI,0.0
015260,에이엔피,KOSPI,0.0
007460,에이프로젠,KOSPI,0.0
003060,에이프로젠바이오로직스,KOSPI,0.0
244920,에이플러스에셋,KOSPI,0.0
278470,에이피알,KOSPI,0.0
450080,에코프로머티,KOSPI,0.0
019490,엑시큐어하이트론,KOSPI,0.0
036570,엔씨소프트,KOSPI,0.0
085310,엔케이,KOSPI,0.0
900140,엘브이엠씨홀딩스,KOSPI,0.0
066970,엘앤에프,KOSPI,0.0
097520,엠씨넥스,KOSPI,0.0
484870,엠앤씨솔루션,KOSPI,0.0
014440,영보화학,KOSPI,0.0
111770,영원무역,KOSPI,0.0
009970,영원무역홀딩스,KOSPI,0.0
003520,영진약품,KOSPI,0.0
000670,영풍,KOSPI,0.0
006740,영풍제지,KOSPI,0.0
012280,영화금속,KOSPI,0.0
012160,영흥,KOSPI,0.0
007310,오뚜기,KOSPI,0.0
002630,오리엔트바이오,KOSPI,0.0
271560,오리온,KOSPI,0.0
001800,오리온홀딩스,KOSPI,0.0
005320,온타이드,KOSPI,0.0
011690,와이투솔루션,KOSPI,0.0
316140,우리금융지주,KOSPI,0.0
006980,우성,KOSPI,0.0
017370,우신시스템,KOSPI,0.0
105840,우진,KOSPI,0.0
010400,우진아이엔에스,KOSPI,0.0
049800,우진플라임,KOSPI,0.0
016880,웅진,KOSPI,0.0
095720,웅진씽크빅,KOSPI,0.0
005820,원림,KOSPI,0.0
010600,웰바이오텍,KOSPI,0.0
008600,윌비스,KOSPI,0.0
033270,유나이티드제약,KOSPI,0.0
014830,유니드,KOSPI,0.0
446070,유니드비티플러스,KOSPI,0.0
000910,유니온,KOSPI,0.0
047400,유니온머티리얼,KOSPI,0.0
011330,유니켐,KOSPI,0.0
077500,유니퀘스트,KOSPI,0.0
002920,유성기업,KOSPI,0.0
000700,유수홀딩스,KOSPI,0.0
003470,유안타증권,KOSPI,0.0
003475,유안타증권우,KOSPI,0.0
072130,유엔젤,KOSPI,0.0
000220,유유제약,KOSPI,0.0
000225,유유제약1우,KOSPI,0.0
000227,유유제약2우B,KOSPI,0.0
001200,유진투자증권,KOSPI,0.0
000100,유한양행,KOSPI,0.0
000105,유한양행우,KOSPI,0.0
003460,유화증권,KOSPI,0.0
003465,유화증권우,KOSPI,0.0
008730,율촌화학,KOSPI,0.0
008250,이건산업,KOSPI,0.0
025820,이구산업,KOSPI,0.0
214320,이노션,KOSPI,0.0
088260,이리츠코크렙,KOSPI,0.0
139480,이마트,KOSPI,0.0
457190,이수스페셜티케미컬,KOSPI,0.0
007660,이수페타시스,KOSPI,0.0
005950,이수화학,KOSPI,0.0
015020,이스타코,KOSPI,0.0
093230,이아이디,KOSPI,0.0
074610,이엔플러스,KOSPI,0.0
102460,이연제약,KOSPI,0.0
084680,이월드,KOSPI,0.0
350520,이지스레지던스리츠,KOSPI,0.0
334890,이지스밸류플러스리츠,KOSPI,0.0
000760,이화산업,KOSPI,0.0
014990,인디에프,KOSPI,0.0
101140,인바이오젠,KOSPI,0.0
006490,인스코비,KOSPI,0.0
023800,인지컨트롤스,KOSPI,0.0
034590,인천도시가스,KOSPI,0.0
129260,인터지스,KOSPI,0.0
023810,인팩,KOSPI,0.0
249420,일동제약,KOSPI,0.0
000230,일동홀딩스,KOSPI,0.0
013360,일성건설,KOSPI,0.0
003120,일성아이에스,KOSPI,0.0
003200,일신방직,KOSPI,0.0
007110,일신석재,KOSPI,0.0
007570,일양약품,KOSPI,0.0
007575,일양약품우,KOSPI,0.0
008500,일정실업,KOSPI,0.0
081000,일진다이아,KOSPI,0.0
020760,일진디스플,KOSPI,0.0
103590,일진전기,KOSPI,0.0
271940,일진하이솔루스,KOSPI,0.0
015860,일진홀딩스,KOSPI,0.0
226320,잇츠한불,KOSPI,0.0
317400,자이에스앤디,KOSPI,0.0
033240,자화전자,KOSPI,0.0
000950,전방,KOSPI,0.0
079900,전진건설로봇,KOSPI,0.0
348950,제이알글로벌리츠,KOSPI,0.0
194370,제이에스코퍼레이션,KOSPI,0.0
025620,제이준코스메틱,KOSPI,0.0
030000,제일기획,KOSPI,0.0
271980,제일약품,KOSPI,0.0
001560,제일연마,KOSPI,0.0
002620,제일파마홀딩스,KOSPI,0.0
006220,제주은행,KOSPI,0.0
089590,제주항공,KOSPI,0.0
004910,조광페인트,KOSPI,0.0
004700,조광피혁,KOSPI,0.0
001550,조비,KOSPI,0.0
462520,조선내화,KOSPI,0.0
120030,조선선재,KOSPI,0.0
018470,조일알미늄,KOSPI,0.0
002600,조흥,KOSPI,0.0
185750,종근당,KOSPI,0.0
063160,종근당바이오,KOSPI,0.0
001630,종근당홀딩스,KOSPI,0.0
109070,주성코퍼레이션,KOSPI,0.0
044380,주연테크,KOSPI,0.0
013890,지누스,KOSPI,0.0
013870,지엠비코리아,KOSPI,0.0
071320,지역난방공사,KOSPI,0.0
088790,진도,KOSPI,0.0
003780,진양산업,KOSPI,0.0
010640,진양폴리,KOSPI,0.0
100250,진양홀딩스,KOSPI,0.0
051630,진양화학,KOSPI,0.0
272450,진에어,KOSPI,0.0
011000,진원생명과학,KOSPI,0.0
002780,진흥기업,KOSPI,0.0
002787,진흥기업2우B,KOSPI,0.0
002785,진흥기업우B,KOSPI,0.0
009310,참엔지니어링,KOSPI,0.0
000650,천일고속,KOSPI,0.0
033250,체시스,KOSPI,0.0
035720,카카오,KOSPI,0.0
323410,카카오뱅크,KOSPI,0.0
377300,카카오페이,KOSPI,0.0
006380,카프로,KOSPI,0.0
001620,케이비아이동국실업,KOSPI,0.0
029460,케이씨,KOSPI,0.0
281820,케이씨텍,KOSPI,0.0
381970,케이카,KOSPI,0.0
145270,케이탑리츠,KOSPI,0.0
417310,코람코더원리츠,KOSPI,0.0
357120,코람코라이프인프라리츠,KOSPI,0.0
007815,코리아써우,KOSPI,0.0
007810,코리아써키트,KOSPI,0.0
00781K,코리아써키트2우B,KOSPI,0.0
003690,코리안리,KOSPI,0.0
192820,코스맥스,KOSPI,0.0
044820,코스맥스비티아이,KOSPI,0.0
005070,코스모신소재,KOSPI,0.0
005420,코스모화학,KOSPI,0.0
071950,코아스,KOSPI,0.0
002020,코오롱,KOSPI,0.0
138490,코오롱ENP,KOSPI,0.0
003070,코오롱글로벌,KOSPI,0.0
003075,코오롱글로벌우,KOSPI,0.0
450140,코오롱모빌리티그룹,KOSPI,0.0
45014K,코오롱모빌리티그룹우,KOSPI,0.0
002025,코오롱우,KOSPI,0.0
120110,코오롱인더,KOSPI,0.0
120115,코오롱인더우,KOSPI,0.0
021240,코웨이,KOSPI,0.0
036420,콘텐트리중앙,KOSPI,0.0
024720,콜마홀딩스,KOSPI,0.0
192400,쿠쿠홀딩스,KOSPI,0.0
284740,쿠쿠홈시스,KOSPI,0.0
264900,크라운제과,KOSPI,0.0
26490K,크라운제과우,KOSPI,0.0
005740,크라운해태홀딩스,KOSPI,0.0
005745,크라운해태홀딩스우,KOSPI,0.0
259960,크래프톤,KOSPI,0.0
020120,키다리스튜디오,KOSPI,0.0
039490,키움증권,KOSPI,0.0
014580,태경비케이,KOSPI,0.0
015890,태경산업,KOSPI,0.0
006890,태경케미컬,KOSPI,0.0
003240,태광산업,KOSPI,0.0
011280,태림포장,KOSPI,0.0
004100,태양금속,KOSPI,0.0
004105,태양금속우,KOSPI,0.0
009410,태영건설,KOSPI,0.0
009415,태영건설우,KOSPI,0.0
001420,태원물산,KOSPI,0.0
055490,테이팩스,KOSPI,0.0
078000,텔코웨어,KOSPI,0.0
214420,토니모리,KOSPI,0.0
019180,티에이치엔,KOSPI,0.0
363280,티와이홀딩스,KOSPI,0.0
36328K,티와이홀딩스우,KOSPI,0.0
091810,티웨이항공,KOSPI,0.0
004870,티웨이홀딩스,KOSPI,0.0
034230,파라다이스,KOSPI,0.0
005690,파미셀,KOSPI,0.0
036580,팜스코,KOSPI,0.0
004720,팜젠사이언스,KOSPI,0.0
028670,팬오션,KOSPI,0.0
010820,퍼스텍,KOSPI,0.0
016800,퍼시스,KOSPI,0.0
001020,페이퍼코리아,KOSPI,0.0
090080,평화산업,KOSPI,0.0
010770,평화홀딩스,KOSPI,0.0
022100,포스코DX,KOSPI,0.0
058430,포스코스틸리온,KOSPI,0.0
047050,포스코인터내셔널,KOSPI,0.0
003670,포스코퓨처엠,KOSPI,0.0
017810,풀무원,KOSPI,0.0
103140,풍산,KOSPI,0.0
005810,풍산홀딩스,KOSPI,0.0
950210,프레스티지바이오파마,KOSPI,0.0
009810,플레이그램,KOSPI,0.0
086790,하나금융지주,KOSPI,0.0
293480,하나제약,KOSPI,0.0
039130,하나투어,KOSPI,0.0
352820,하이브,KOSPI,0.0
071090,하이스틸,KOSPI,0.0
000080,하이트진로,KOSPI,0.0
000087,하이트진로2우B,KOSPI,0.0
000140,하이트진로홀딩스,KOSPI,0.0
000145,하이트진로홀딩스우,KOSPI,0.0
152550,한국ANKOR유전,KOSPI,0.0
036460,한국가스공사,KOSPI,0.0
005430,한국공항,KOSPI,0.0
071050,한국금융지주,KOSPI,0.0
071055,한국금융지주우,KOSPI,0.0
010040,한국내화,KOSPI,0.0
025540,한국단자,KOSPI,0.0
010100,한국무브넥스,KOSPI,0.0
004090,한국석유,KOSPI,0.0
002200,한국수출포장,KOSPI,0.0
002960,한국쉘석유,KOSPI,0.0
000240,한국앤컴퍼니,KOSPI,0.0
123890,한국자산신탁,KOSPI,0.0
015760,한국전력,KOSPI,0.0
006200,한국전자홀딩스,KOSPI,0.0
027970,한국제지,KOSPI,0.0
023350,한국종합기술,KOSPI,0.0
025890,한국주강,KOSPI,0.0
000970,한국주철관,KOSPI,0.0
104700,한국철강,KOSPI,0.0
017960,한국카본,KOSPI,0.0
161890,한국콜마,KOSPI,0.0
161390,한국타이어앤테크놀로지,KOSPI,0.0
034830,한국토지신탁,KOSPI,0.0
007280,한국특강,KOSPI,0.0
047810,한국항공우주,KOSPI,0.0
123690,한국화장품,KOSPI,0.0
003350,한국화장품제조,KOSPI,0.0
011500,한농화성,KOSPI,0.0
002390,한독,KOSPI,0.0
053690,한미글로벌,KOSPI,0.0
042700,한미반도체,KOSPI,0.0
008930,한미사이언스,KOSPI,0.0
128940,한미약품,KOSPI,0.0
009240,한샘,KOSPI,0.0
020000,한섬,KOSPI,0.0
003680,한성기업,KOSPI,0.0
105630,한세실업,KOSPI,0.0
069640,한세엠케이,KOSPI,0.0
016450,한세예스24홀딩스,KOSPI,0.0
010420,한솔PNS,KOSPI,0.0
009180,한솔로지스틱스,KOSPI,0.0
213500,한솔제지,KOSPI,0.0
014680,한솔케미칼,KOSPI,0.0
004710,한솔테크닉스,KOSPI,0.0
004150,한솔홀딩스,KOSPI,0.0
025750,한솔홈데코,KOSPI,0.0
004960,한신공영,KOSPI,0.0
011700,한신기계,KOSPI,0.0
001750,한양증권,KOSPI,0.0
001755,한양증권우,KOSPI,0.0
018880,한온시스템,KOSPI,0.0
009420,한올바이오파마,KOSPI,0.0
014130,한익스프레스,KOSPI,0.0
300720,한일시멘트,KOSPI,0.0
002220,한일철강,KOSPI,0.0
006390,한일현대시멘트,KOSPI,0.0
003300,한일홀딩스,KOSPI,0.0
051600,한전KPS,KOSPI,0.0
052690,한전기술,KOSPI,0.0
130660,한전산업,KOSPI,0.0
002320,한진,KOSPI,0.0
003480,한진중공업홀딩스,KOSPI,0.0
180640,한진칼,KOSPI,0.0
18064K,한진칼우,KOSPI,0.0
005110,한창,KOSPI,0.0
009460,한창제지,KOSPI,0.0
372910,한컴라이프케어,KOSPI,0.0
000880,한화,KOSPI,0.0
00088K,한화3우B,KOSPI,0.0
452260,한화갤러리아,KOSPI,0.0
45226K,한화갤러리아우,KOSPI,0.0
451800,한화리츠,KOSPI,0.0
489790,한화비전,KOSPI,0.0
088350,한화생명,KOSPI,0.0
000370,한화손해보험,KOSPI,0.0
009830,한화솔루션,KOSPI,0.0
009835,한화솔루션우,KOSPI,0.0
272210,한화시스템,KOSPI,0.0
012450,한화에어로스페이스,KOSPI,0.0
082740,한화엔진,KOSPI,0.0
042660,한화오션,KOSPI,0.0
000885,한화우,KOSPI,0.0
003530,한화투자증권,KOSPI,0.0
003535,한화투자증권우,KOSPI,0.0
195870,해성디에스,KOSPI,0.0
101530,해태제과식품,KOSPI,0.0
143210,핸즈코퍼레이션,KOSPI,0.0
000720,현대건설,KOSPI,0.0
000725,현대건설우,KOSPI,0.0
453340,현대그린푸드,KOSPI,0.0
086280,현대글로비스,KOSPI,0.0
064350,현대로템,KOSPI,0.0
079430,현대리바트,KOSPI,0.0
012330,현대모비스,KOSPI,0.0
069960,현대백화점,KOSPI,0.0
004560,현대비앤지스틸,KOSPI,0.0
004310,현대약품,KOSPI,0.0
017800,현대엘리베이터,KOSPI,0.0
307950,현대오토에버,KOSPI,0.0
011210,현대위아,KOSPI,0.0
004020,현대제철,KOSPI,0.0
005440,현대지에프홀딩스,KOSPI,0.0
005380,현대차,KOSPI,0.0
005387,현대차2우B,KOSPI,0.0
005389,현대차3우B,KOSPI,0.0
005385,현대차우,KOSPI,0.0
001500,현대차증권,KOSPI,0.0
011760,현대코퍼레이션,KOSPI,0.0
227840,현대코퍼레이션홀딩스,KOSPI,0.0
126560,현대퓨처넷,KOSPI,0.0
001450,현대해상,KOSPI,0.0
057050,현대홈쇼핑,KOSPI,0.0
093240,형지엘리트,KOSPI,0.0
003010,혜인,KOSPI,0.0
111110,호전실업,KOSPI,0.0
008770,호텔신라,KOSPI,0.0
008775,호텔신라우,KOSPI,0.0
378850,화승알앤에이,KOSPI,0.0
241590,화승엔터프라이즈,KOSPI,0.0
006060,화승인더,KOSPI,0.0
013520,화승코퍼레이션,KOSPI,0.0
010690,화신,KOSPI,0.0
133820,화인베스틸,KOSPI,0.0
010660,화천기계,KOSPI,0.0
000850,화천기공,KOSPI,0.0
016580,환인제약,KOSPI,0.0
032560,황금에스티,KOSPI,0.0
004800,효성,KOSPI,0.0
094280,효성ITX,KOSPI,0.0
298040,효성중공업,KOSPI,0.0
298020,효성티앤씨,KOSPI,0.0
298000,효성화학,KOSPI,0.0
093370,후성,KOSPI,0.0
005870,휴니드,KOSPI,0.0
079980,휴비스,KOSPI,0.0
005010,휴스틸,KOSPI,0.0
000540,흥국화재,KOSPI,0.0
000545,흥국화재우,KOSPI,0.0
003280,흥아해운,KOSPI,0.0
060310,3S,KOSDAQ,0.0
054620,APS,KOSDAQ,0.0
265520,AP시스템,KOSDAQ,0.0
211270,AP위성,KOSDAQ,0.0
109960,AP헬스케어,KOSDAQ,0.0
139050,BF랩스,KOSDAQ,0.0
126600,BGF에코머티리얼즈,KOSDAQ,0.0
013720,CBI,KOSDAQ,0.0
083790,CG인바이츠,KOSDAQ,0.0
035760,CJ ENM,KOSDAQ,0.0
311690,CJ 바이오사이언스,KOSDAQ,0.0
051500,CJ프레시웨이,KOSDAQ,0.0
058820,CMG제약,KOSDAQ,0.0
023460,CNH,KOSDAQ,0.0
056730,CNT85,KOSDAQ,0.0
065770,CS,KOSDAQ,0.0
083660,CSA 코스믹,KOSDAQ,0.0
477760,DB금융스팩12호,KOSDAQ,0.0
099520,DGI,KOSDAQ,0.0
060900,DGP,KOSDAQ,0.0
290120,DH오토리드,KOSDAQ,0.0
025440,DH오토웨어,KOSDAQ,0.0
068790,DMS,KOSDAQ,0.0
241520,DSC인베스트먼트,KOSDAQ,0.0
180400,DXVX,KOSDAQ,0.0
418620,E8,KOSDAQ,0.0
245620,EDGC,KOSDAQ,0.0
037370,EG,KOSDAQ,0.0
050120,ES큐브,KOSDAQ,0.0
214270,FSN,KOSDAQ,0.0
130500,GH신소재,KOSDAQ,0.0
900290,GRT,KOSDAQ,0.0
083450,GST,KOSDAQ,0.0
297890,HB솔루션,KOSDAQ,0.0
440290,HB인베스트먼트,KOSDAQ,0.0
078150,HB테크놀러지,KOSDAQ,0.0
195940,HK이노엔,KOSDAQ,0.0
028300,HLB,KOSDAQ,0.0
278650,HLB바이오스텝,KOSDAQ,0.0
067630,HLB생명과학,KOSDAQ,0.0
024850,HLB이노베이션,KOSDAQ,0.0
187420,HLB제넥스,KOSDAQ,0.0
047920,HLB제약,KOSDAQ,0.0
115450,HLB테라퓨틱스,KOSDAQ,0.0
046210,HLB파나진,KOSDAQ,0.0
196300,HLB펩,KOSDAQ,0.0
403870,HPSP,KOSDAQ,0.0
036640,HRS,KOSDAQ,0.0
442770,IBKS제21호스팩,KOSDAQ,0.0
448760,IBKS제22호스팩,KOSDAQ,0.0
467930,IBKS제23호스팩,KOSDAQ,0.0
469480,IBKS제24호스팩,KOSDAQ,0.0
095340,ISC,KOSDAQ,0.0
950170,JTC,KOSDAQ,0.0
067290,JW신약,KOSDAQ,0.0
035900,JYP Ent.,KOSDAQ,0.0
318000,KBG,KOSDAQ,0.0
024840,KBI메탈,KOSDAQ,0.0
024120,KB오토시스,KOSDAQ,0.0
455250,KB제25호스팩,KOSDAQ,0.0
464680,KB제27호스팩,KOSDAQ,0.0
476470,KB제28호스팩,KOSDAQ,0.0
478390,KB제29호스팩,KOSDAQ,0.0
486630,KB제30호스팩,KOSDAQ,0.0
492220,KB제31호스팩,KOSDAQ,0.0
021320,KCC건설,KOSDAQ,0.0
044180,KD,KOSDAQ,0.0
046440,KG모빌리언스,KOSDAQ,0.0
151860,KG에코솔루션,KOSDAQ,0.0
035600,KG이니시스,KOSDAQ,0.0
226360,KH 건설,KOSDAQ,0.0
111870,KH 미래물산,KOSDAQ,0.0
060720,KH바텍,KOSDAQ,0.0
058400,KNN,KOSDAQ,0.0
101000,KS인더스트리,KOSDAQ,0.0
089600,KT나스미디어,KOSDAQ,0.0
418470,KT밀리의서재,KOSDAQ,0.0
043610,KT지니뮤직,KOSDAQ,0.0
122450,KX,KOSDAQ,0.0
052900,KX하이텍,KOSDAQ,0.0
036560,KZ정밀,KOSDAQ,0.0
061970,LB세미콘,KOSDAQ,0.0
309960,LB인베스트먼트,KOSDAQ,0.0
225190,LK삼양,KOSDAQ,0.0
060370,LS마린솔루션,KOSDAQ,0.0
417200,LS머트리얼즈,KOSDAQ,0.0
078020,LS증권,KOSDAQ,0.0
322180,LS티라유텍,KOSDAQ,0.0
476080,M83,KOSDAQ,0.0
086960,MDS테크,KOSDAQ,0.0
160550,NEW,KOSDAQ,0.0
053290,NE능률,KOSDAQ,0.0
060250,NHN KCP,KOSDAQ,0.0
104200,NHN벅스,KOSDAQ,0.0
063570,NICE인프라,KOSDAQ,0.0
222160,NPX,KOSDAQ,0.0
024940,PN풍년,KOSDAQ,0.0
332570,PS일렉트로닉스,KOSDAQ,0.0
218410,RFHIC,KOSDAQ,0.0
327260,RF머트리얼즈,KOSDAQ,0.0
474610,RF시스템즈,KOSDAQ,0.0
091340,S&K폴리텍,KOSDAQ,0.0
419530,SAMG엔터,KOSDAQ,0.0
019550,SBI인베스트먼트,KOSDAQ,0.0
950110,SBI핀테크솔루션즈,KOSDAQ,0.0
246960,SCL사이언스,KOSDAQ,0.0
099220,SDN,KOSDAQ,0.0
036540,SFA반도체,KOSDAQ,0.0
255220,SG,KOSDAQ,0.0
040610,SG&G,KOSDAQ,0.0
049470,SGA,KOSDAQ,0.0
184230,SGA솔루션즈,KOSDAQ,0.0
016250,SGC E&C,KOSDAQ,0.0
357880,SKAI,KOSDAQ,0.0
048550,SM C&C,KOSDAQ,0.0
063440,SM Life Design,KOSDAQ,0.0
067160,SOOP,KOSDAQ,0.0
289080,SV인베스트먼트,KOSDAQ,0.0
089230,THE E&M,KOSDAQ,0.0
032540,TJ미디어,KOSDAQ,0.0
022220,TKG애강,KOSDAQ,0.0
048770,TPC,KOSDAQ,0.0
246690,TS인베스트먼트,KOSDAQ,0.0
317240,TS트릴리온,KOSDAQ,0.0
057030,YBM넷,KOSDAQ,0.0
040300,YTN,KOSDAQ,0.0
051390,YW,KOSDAQ,0.0
052220,iMBC,KOSDAQ,0.0
079940,가비아,KOSDAQ,0.0
078890,가온그룹,KOSDAQ,0.0
399720,가온칩스,KOSDAQ,0.0
036620,감성코퍼레이션,KOSDAQ,0.0
198440,강동씨앤엘,KOSDAQ,0.0
217730,강스템바이오텍,KOSDAQ,0.0
114190,강원에너지,KOSDAQ,0.0
094480,갤럭시아머니트리,KOSDAQ,0.0
039240,경남스틸,KOSDAQ,0.0
053950,경남제약,KOSDAQ,0.0
011040,경동제약,KOSDAQ,0.0
024910,경창산업,KOSDAQ,0.0
049720,고려신용정보,KOSDAQ,0.0
014570,고려제약,KOSDAQ,0.0
348150,고바이오랩,KOSDAQ,0.0
950190,고스트스튜디오,KOSDAQ,0.0
098460,고영,KOSDAQ,0.0
035290,골드앤에스,KOSDAQ,0.0
215000,골프존,KOSDAQ,0.0
121440,골프존홀딩스,KOSDAQ,0.0
366030,공구우먼,KOSDAQ,0.0
014200,광림,KOSDAQ,0.0
029480,광무,KOSDAQ,0.0
026910,광진실업,KOSDAQ,0.0
440790,교보13호스팩,KOSDAQ,0.0
456490,교보14호스팩,KOSDAQ,0.0
465320,교보15호스팩,KOSDAQ,0.0
482520,교보16호스팩,KOSDAQ,0.0
489210,교보17호스팩,KOSDAQ,0.0
053270,구영테크,KOSDAQ,0.0
066620,국보디자인,KOSDAQ,0.0
043650,국순당,KOSDAQ,0.0
006050,국영지앤엠,KOSDAQ,0.0
060480,국일신동,KOSDAQ,0.0
078130,국일제지,KOSDAQ,0.0
307750,국전약품,KOSDAQ,0.0
035080,그래디언트,KOSDAQ,0.0
453450,그리드위즈,KOSDAQ,0.0
204020,그리티,KOSDAQ,0.0
402490,그린리소스,KOSDAQ,0.0
114450,그린생명과학,KOSDAQ,0.0
186230,그린플러스,KOSDAQ,0.0
900070,글로벌에스엠,KOSDAQ,0.0
204620,글로벌텍스프리,KOSDAQ,0.0
019660,글로본,KOSDAQ,0.0
053260,금강철강,KOSDAQ,0.0
282720,금양그린파워,KOSDAQ,0.0
036190,금화피에스시,KOSDAQ,0.0
049080,기가레인,KOSDAQ,0.0
420770,기가비스,KOSDAQ,0.0
035460,기산텔레콤,KOSDAQ,0.0
407400,꿈비,KOSDAQ,0.0
187790,나노,KOSDAQ,0.0
121600,나노신소재,KOSDAQ,0.0
286750,나노실리칸첨단소재,KOSDAQ,0.0
247660,나노씨엠에스,KOSDAQ,0.0
039860,나노엔텍,KOSDAQ,0.0
091970,나노캠텍,KOSDAQ,0.0
417010,나노팀,KOSDAQ,0.0
405920,나라셀라,KOSDAQ,0.0
051490,나라엠앤디,KOSDAQ,0.0
137080,나래나노텍,KOSDAQ,0.0
190510,나무가,KOSDAQ,0.0
242040,나무기술,KOSDAQ,0.0
293580,나우IB,KOSDAQ,0.0
459510,나우로보틱스,KOSDAQ,0.0
138610,나이벡,KOSDAQ,0.0
130580,나이스디앤비,KOSDAQ,0.0
036800,나이스정보통신,KOSDAQ,0.0
267320,나인테크,KOSDAQ,0.0
111710,남화산업,KOSDAQ,0.0
091590,남화토건,KOSDAQ,0.0
168330,내츄럴엔도텍,KOSDAQ,0.0
094860,네오리진,KOSDAQ,0.0
253590,네오셈,KOSDAQ,0.0
212560,네오오토,KOSDAQ,0.0
095660,네오위즈,KOSDAQ,0.0
042420,네오위즈홀딩스,KOSDAQ,0.0
950220,네오이뮨텍,KOSDAQ,0.0
311390,네오크레마,KOSDAQ,0.0
085910,네오티스,KOSDAQ,0.0
092730,네오팜,KOSDAQ,0.0
290660,네오펙트,KOSDAQ,0.0
306620,네온테크,KOSDAQ,0.0
153460,네이블,KOSDAQ,0.0
007390,네이처셀,KOSDAQ,0.0
033640,네패스,KOSDAQ,0.0
330860,네패스아크,KOSDAQ,0.0
351320,넥사다이내믹스,KOSDAQ,0.0
089140,넥스턴바이오,KOSDAQ,0.0
389650,넥스트바이오메디컬,KOSDAQ,0.0
137940,넥스트아이,KOSDAQ,0.0
396270,넥스트칩,KOSDAQ,0.0
348210,넥스틴,KOSDAQ,0.0
225570,넥슨게임즈,KOSDAQ,0.0
205500,넥써쓰,KOSDAQ,0.0
217270,넵튠,KOSDAQ,0.0
104620,노랑풍선,KOSDAQ,0.0
473980,노머스,KOSDAQ,0.0
194700,노바렉스,KOSDAQ,0.0
285490,노바텍,KOSDAQ,0.0
145170,노브랜드,KOSDAQ,0.0
106520,노블엠앤비,KOSDAQ,0.0
376930,노을,KOSDAQ,0.0
142280,녹십자엠에스,KOSDAQ,0.0
234690,녹십자웰빙,KOSDAQ,0.0
054050,농우바이오,KOSDAQ,0.0
069140,누리플랜,KOSDAQ,0.0
040160,누리플렉스,KOSDAQ,0.0
332290,누보,KOSDAQ,0.0
348340,뉴로메카,KOSDAQ,0.0
060260,뉴보텍,KOSDAQ,0.0
123840,뉴온,KOSDAQ,0.0
012340,뉴인텍,KOSDAQ,0.0
270870,뉴트리,KOSDAQ,0.0
144960,뉴파워프라즈마,KOSDAQ,0.0
085670,뉴프렉스,KOSDAQ,0.0
064260,다날,KOSDAQ,0.0
340360,다보링크,KOSDAQ,0.0
039560,다산네트웍스,KOSDAQ,0.0
154040,다산솔루에타,KOSDAQ,0.0
032190,다우데이타,KOSDAQ,0.0
323350,다원넥스뷰,KOSDAQ,0.0
068240,다원시스,KOSDAQ,0.0
464580,닷밀,KOSDAQ,0.0
020400,대동금속,KOSDAQ,0.0
008830,대동기어,KOSDAQ,0.0
048470,대동스틸,KOSDAQ,0.0
004780,대륙제관,KOSDAQ,0.0
017650,대림제지,KOSDAQ,0.0
389260,대명에너지,KOSDAQ,0.0
317850,대모,KOSDAQ,0.0
290670,대보마그네틱,KOSDAQ,0.0
078140,대봉엘에스,KOSDAQ,0.0
065150,대산F&B,KOSDAQ,0.0
036480,대성미생물,KOSDAQ,0.0
027830,대성창투,KOSDAQ,0.0
104040,대성파인텍,KOSDAQ,0.0
129920,대성하이텍,KOSDAQ,0.0
442310,대신밸런스제14호스팩,KOSDAQ,0.0
457630,대신밸런스제16호스팩,KOSDAQ,0.0
471050,대신밸런스제17호스팩,KOSDAQ,0.0
478780,대신밸런스제18호스팩,KOSDAQ,0.0
482690,대신밸런스제19호스팩,KOSDAQ,0.0
020180,대신정보통신,KOSDAQ,0.0
045390,대아티아이,KOSDAQ,0.0
108380,대양전기공업,KOSDAQ,0.0
007680,대원,KOSDAQ,0.0
048910,대원미디어,KOSDAQ,0.0
005710,대원산업,KOSDAQ,0.0
290380,대유,KOSDAQ,0.0
120240,대정화금,KOSDAQ,0.0
003310,대주산업,KOSDAQ,0.0
078600,대주전자재료,KOSDAQ,0.0
393970,대진첨단소재,KOSDAQ,0.0
096350,대창솔루션,KOSDAQ,0.0
140520,대창스틸,KOSDAQ,0.0
131220,대한과학,KOSDAQ,0.0
010170,대한광통신,KOSDAQ,0.0
054670,대한뉴팜,KOSDAQ,0.0
023910,대한약품,KOSDAQ,0.0
021040,대호특수강,KOSDAQ,0.0
021045,대호특수강우,KOSDAQ,0.0
067080,대화제약,KOSDAQ,0.0
298540,더네이쳐홀딩스,KOSDAQ,0.0
032860,더라미,KOSDAQ,0.0
214610,더바이오메드,KOSDAQ,0.0
393890,더블유씨피,KOSDAQ,0.0
299170,더블유에스아이,KOSDAQ,0.0
462860,더즌,KOSDAQ,0.0
224060,더코디,KOSDAQ,0.0
043090,더테크놀로지,KOSDAQ,0.0
213420,덕산네오룩스,KOSDAQ,0.0
317330,덕산테코피아,KOSDAQ,0.0
077360,덕산하이메탈,KOSDAQ,0.0
090410,덕신이피씨,KOSDAQ,0.0
263600,덕우전자,KOSDAQ,0.0
194480,데브시스터즈,KOSDAQ,0.0
373160,데이원컴퍼니,KOSDAQ,0.0
263800,데이타솔루션,KOSDAQ,0.0
206560,덱스터,KOSDAQ,0.0
261200,덴티스,KOSDAQ,0.0
067990,도이치모터스,KOSDAQ,0.0
006620,동구바이오제약,KOSDAQ,0.0
100130,동국S&C,KOSDAQ,0.0
005160,동국산업,KOSDAQ,0.0
303810,동국생명과학,KOSDAQ,0.0
075970,동국알앤에스,KOSDAQ,0.0
086450,동국제약,KOSDAQ,0.0
240550,동방메디컬,KOSDAQ,0.0
099410,동방선기,KOSDAQ,0.0
033500,동성화인텍,KOSDAQ,0.0
025950,동신건설,KOSDAQ,0.0
088130,동아엘텍,KOSDAQ,0.0
041930,동아화성,KOSDAQ,0.0
060380,동양에스텍,KOSDAQ,0.0
079960,동양이엔피,KOSDAQ,0.0
228340,동양파일,KOSDAQ,0.0
088910,동우팜투테이블,KOSDAQ,0.0
094170,동운아나텍,KOSDAQ,0.0
013120,동원개발,KOSDAQ,0.0
109860,동일금속,KOSDAQ,0.0
032960,동일기연,KOSDAQ,0.0
023790,동일스틸럭스,KOSDAQ,0.0
005290,동진쎄미켐,KOSDAQ,0.0
025900,동화기업,KOSDAQ,0.0
131970,두산테스나,KOSDAQ,0.0
073190,듀오백,KOSDAQ,0.0
176750,듀켐바이오,KOSDAQ,0.0
030350,드래곤플라이,KOSDAQ,0.0
203650,드림시큐리티,KOSDAQ,0.0
223250,드림씨아이에스,KOSDAQ,0.0
060570,드림어스컴퍼니,KOSDAQ,0.0
362990,드림인사이트,KOSDAQ,0.0
016670,디모아,KOSDAQ,0.0
187870,디바이스,KOSDAQ,0.0
489730,디비금융제13호스팩,KOSDAQ,0.0
110990,디아이티,KOSDAQ,0.0
263690,디알젬,KOSDAQ,0.0
214680,디알텍,KOSDAQ,0.0
347850,디앤디파마텍,KOSDAQ,0.0
263720,디앤씨미디어,KOSDAQ,0.0
376300,디어유,KOSDAQ,0.0
109740,디에스케이,KOSDAQ,0.0
031860,디에이치엑스컴퍼니,KOSDAQ,0.0
196490,디에이테크놀로지,KOSDAQ,0.0
066900,디에이피,KOSDAQ,0.0
092070,디엔에프,KOSDAQ,0.0
039840,디오,KOSDAQ,0.0
219550,디와이디,KOSDAQ,0.0
310870,디와이씨,KOSDAQ,0.0
104460,디와이피엔에프,KOSDAQ,0.0
079810,디이엔티,KOSDAQ,0.0
113810,디젠스,KOSDAQ,0.0
043360,디지아이,KOSDAQ,0.0
197140,디지캡,KOSDAQ,0.0
068930,디지털대성,KOSDAQ,0.0
033130,디지틀조선,KOSDAQ,0.0
105740,디케이락,KOSDAQ,0.0
263020,디케이앤디,KOSDAQ,0.0
290550,디케이티,KOSDAQ,0.0
066670,디티씨,KOSDAQ,0.0
187220,디티앤씨,KOSDAQ,0.0
383930,디티앤씨알오,KOSDAQ,0.0
131180,딜리,KOSDAQ,0.0
315640,딥노이드,KOSDAQ,0.0
223310,딥마인드,KOSDAQ,0.0
317120,라닉스,KOSDAQ,0.0
462510,라메디텍,KOSDAQ,0.0
042510,라온시큐어,KOSDAQ,0.0
232680,라온테크,KOSDAQ,0.0
418420,라온텍,KOSDAQ,0.0
300120,라온피플,KOSDAQ,0.0
171120,라이온켐텍,KOSDAQ,0.0
388790,라이콤,KOSDAQ,0.0
214260,라파스,KOSDAQ,0.0
171010,램테크놀러지,KOSDAQ,0.0
084650,랩지노믹스,KOSDAQ,0.0
217500,러셀,KOSDAQ,0.0
038390,레드캡투어,KOSDAQ,0.0
294140,레몬,KOSDAQ,0.0
443250,레뷰코퍼레이션,KOSDAQ,0.0
228670,레이,KOSDAQ,0.0
228850,레이언스,KOSDAQ,0.0
412350,레이저쎌,KOSDAQ,0.0
199550,레이저옵텍,KOSDAQ,0.0
281740,레이크머티리얼즈,KOSDAQ,0.0
277810,레인보우로보틱스,KOSDAQ,0.0
215100,로보로보,KOSDAQ,0.0
090360,로보스타,KOSDAQ,0.0
108490,로보티즈,KOSDAQ,0.0
900260,로스웰,KOSDAQ,0.0
067730,로지시스,KOSDAQ,0.0
071280,로체시스템즈,KOSDAQ,0.0
376900,로킷헬스케어,KOSDAQ,0.0
328130,루닛,KOSDAQ,0.0
038060,루멘스,KOSDAQ,0.0
474170,루미르,KOSDAQ,0.0
141080,리가켐바이오,KOSDAQ,0.0
058470,리노공업,KOSDAQ,0.0
016100,리더스코스메틱,KOSDAQ,0.0
012700,리드코프,KOSDAQ,0.0
302550,리메드,KOSDAQ,0.0
073570,리튬포어스,KOSDAQ,0.0
377450,리파인,KOSDAQ,0.0
277070,린드먼아시아,KOSDAQ,0.0
042500,링네트,KOSDAQ,0.0
193250,링크드,KOSDAQ,0.0
219420,링크제니시스,KOSDAQ,0.0
439090,마녀공장,KOSDAQ,0.0
195500,마니커에프앤지,KOSDAQ,0.0
377480,마음AI,KOSDAQ,0.0
305090,마이크로디지탈,KOSDAQ,0.0
098120,마이크로컨텍솔,KOSDAQ,0.0
424980,마이크로투나노,KOSDAQ,0.0
038290,마크로젠,KOSDAQ,0.0
267980,매일유업,KOSDAQ,0.0
005990,매일홀딩스,KOSDAQ,0.0
093520,매커스,KOSDAQ,0.0
100590,머큐리,KOSDAQ,0.0
067280,멀티캠퍼스,KOSDAQ,0.0
072870,메가스터디,KOSDAQ,0.0
215200,메가스터디교육,KOSDAQ,0.0
133750,메가엠디,KOSDAQ,0.0
446540,메가터치,KOSDAQ,0.0
235980,메드팩토,KOSDAQ,0.0
041920,메디아나,KOSDAQ,0.0
014100,메디앙스,KOSDAQ,0.0
054180,메디콕스,KOSDAQ,0.0
086900,메디톡스,KOSDAQ,0.0
078160,메디포스트,KOSDAQ,0.0
408920,메쎄이상,KOSDAQ,0.0
021880,메이슨캐피탈,KOSDAQ,0.0
140410,메지온,KOSDAQ,0.0
241770,메카로,KOSDAQ,0.0
059210,메타바이오메드,KOSDAQ,0.0
058110,멕아이씨에스,KOSDAQ,0.0
434480,모니터랩,KOSDAQ,0.0
080420,모다이노칩,KOSDAQ,0.0
417970,모델솔루션,KOSDAQ,0.0
080160,모두투어,KOSDAQ,0.0
087260,모바일어플라이언스,KOSDAQ,0.0
101330,모베이스,KOSDAQ,0.0
012860,모베이스전자,KOSDAQ,0.0
363260,모비데이즈,KOSDAQ,0.0
348030,모비릭스,KOSDAQ,0.0
250060,모비스,KOSDAQ,0.0
288980,모아데이타,KOSDAQ,0.0
142760,모아라이프플러스,KOSDAQ,0.0
033200,모아텍,KOSDAQ,0.0
333050,모코엠시스,KOSDAQ,0.0
118990,모트렉스,KOSDAQ,0.0
463480,모티브링크,KOSDAQ,0.0
006920,모헨즈,KOSDAQ,0.0
001810,무림SP,KOSDAQ,0.0
279600,미디어젠,KOSDAQ,0.0
095500,미래나노텍,KOSDAQ,0.0
254490,미래반도체,KOSDAQ,0.0
218150,미래생명자원,KOSDAQ,0.0
442900,미래에셋드림스팩1호,KOSDAQ,0.0
100790,미래에셋벤처투자,KOSDAQ,0.0
446190,미래에셋비전스팩2호,KOSDAQ,0.0
448830,미래에셋비전스팩3호,KOSDAQ,0.0
477380,미래에셋비전스팩4호,KOSDAQ,0.0
477470,미래에셋비전스팩5호,KOSDAQ,0.0
478440,미래에셋비전스팩6호,KOSDAQ,0.0
482680,미래에셋비전스팩7호,KOSDAQ,0.0
049950,미래컴퍼니,KOSDAQ,0.0
207760,미스터블루,KOSDAQ,0.0
059090,미코,KOSDAQ,0.0
201490,미투온,KOSDAQ,0.0
475460,미트박스,KOSDAQ,0.0
452200,민테크,KOSDAQ,0.0
206640,바디텍메드,KOSDAQ,0.0
018700,바른손,KOSDAQ,0.0
035620,바른손이앤에이,KOSDAQ,0.0
053030,바이넥스,KOSDAQ,0.0
301300,바이브컴퍼니,KOSDAQ,0.0
064550,바이오니아,KOSDAQ,0.0
314930,바이오다인,KOSDAQ,0.0
489460,바이오비쥬,KOSDAQ,0.0
086820,바이오솔루션,KOSDAQ,0.0
038460,바이오스마트,KOSDAQ,0.0
251120,바이오에프디엔씨,KOSDAQ,0.0
199730,바이오인프라,KOSDAQ,0.0
086040,바이오톡스텍,KOSDAQ,0.0
188040,바이오포트,KOSDAQ,0.0
099430,바이오플러스,KOSDAQ,0.0
032980,바이온,KOSDAQ,0.0
308080,바이젠셀,KOSDAQ,0.0
043150,바텍,KOSDAQ,0.0
323990,박셀바이오,KOSDAQ,0.0
267790,배럴,KOSDAQ,0.0
046310,백금T&A,KOSDAQ,0.0
331520,밸로프,KOSDAQ,0.0
199480,뱅크웨어글로벌,KOSDAQ,0.0
438700,버넥트,KOSDAQ,0.0
066410,버킷스튜디오,KOSDAQ,0.0
382900,범한퓨얼셀,KOSDAQ,0.0
206400,베노티앤알,KOSDAQ,0.0
019010,베뉴지,KOSDAQ,0.0
177350,베셀,KOSDAQ,0.0
457600,벡트,KOSDAQ,0.0
424760,벨로크,KOSDAQ,0.0
225530,보광산업,KOSDAQ,0.0
250000,보라티알,KOSDAQ,0.0
310210,보로노이,KOSDAQ,0.0
006910,보성파워텍,KOSDAQ,0.0
226340,본느,KOSDAQ,0.0
014470,부방,KOSDAQ,0.0
008470,부스타,KOSDAQ,0.0
338220,뷰노,KOSDAQ,0.0
100120,뷰웍스,KOSDAQ,0.0
406820,뷰티스킨,KOSDAQ,0.0
099390,브레인즈컴퍼니,KOSDAQ,0.0
064480,브리지텍,KOSDAQ,0.0
288330,브릿지바이오테라퓨틱스,KOSDAQ,0.0
365900,브이씨,KOSDAQ,0.0
089970,브이엠,KOSDAQ,0.0
251630,브이원텍,KOSDAQ,0.0
018290,브이티,KOSDAQ,0.0
478560,블랙야크아이앤씨,KOSDAQ,0.0
439580,블루엠텍,KOSDAQ,0.0
033560,블루콤,KOSDAQ,0.0
369370,블리츠웨이엔터테인먼트,KOSDAQ,0.0
126340,비나텍,KOSDAQ,0.0
121800,비덴트,KOSDAQ,0.0
082800,비보존 제약,KOSDAQ,0.0
318410,비비씨,KOSDAQ,0.0
419540,비스토스,KOSDAQ,0.0
146320,비씨엔씨,KOSDAQ,0.0
200780,비씨월드제약,KOSDAQ,0.0
413640,비아이매트릭스,KOSDAQ,0.0
141000,비아트론,KOSDAQ,0.0
083650,비에이치아이,KOSDAQ,0.0
445360,비엔케이제1호스팩,KOSDAQ,0.0
473370,비엔케이제2호스팩,KOSDAQ,0.0
065170,비엘팜텍,KOSDAQ,0.0
086670,비엠티,KOSDAQ,0.0
335890,비올,KOSDAQ,0.0
230980,비유테크놀러지,KOSDAQ,0.0
082920,비츠로셀,KOSDAQ,0.0
054220,비츠로시스,KOSDAQ,0.0
042370,비츠로테크,KOSDAQ,0.0
050090,비케이홀딩스,KOSDAQ,0.0
148780,비큐AI,KOSDAQ,0.0
307870,비투엔,KOSDAQ,0.0
377030,비트맥스,KOSDAQ,0.0
032850,비트컴퓨터,KOSDAQ,0.0
238200,비피도,KOSDAQ,0.0
093190,빅솔론,KOSDAQ,0.0
065450,빅텍,KOSDAQ,0.0
044480,빌리언스,KOSDAQ,0.0
069540,빛과전자,KOSDAQ,0.0
072950,빛샘전자,KOSDAQ,0.0
451250,삐아,KOSDAQ,0.0
143240,사람인,KOSDAQ,0.0
466410,사이냅소프트,KOSDAQ,0.0
452430,사피엔반도체,KOSDAQ,0.0
419120,산돌,KOSDAQ,0.0
122350,삼기,KOSDAQ,0.0
419050,삼기에너지솔루션즈,KOSDAQ,0.0
014970,삼륭물산,KOSDAQ,0.0
018310,삼목에스폼,KOSDAQ,0.0
053700,삼보모터스,KOSDAQ,0.0
009620,삼보산업,KOSDAQ,0.0
023600,삼보판지,KOSDAQ,0.0
448740,삼성스팩8호,KOSDAQ,0.0
468510,삼성스팩9호,KOSDAQ,0.0
009300,삼아제약,KOSDAQ,0.0
482630,삼양엔씨켐,KOSDAQ,0.0
036670,삼양케이씨아이,KOSDAQ,0.0
361670,삼영에스앤씨,KOSDAQ,0.0
054540,삼영엠텍,KOSDAQ,0.0
065570,삼영이엔씨,KOSDAQ,0.0
032280,삼일,KOSDAQ,0.0
002290,삼일기업공사,KOSDAQ,0.0
037460,삼지전자,KOSDAQ,0.0
032750,삼진,KOSDAQ,0.0
054090,삼진엘앤디,KOSDAQ,0.0
000250,삼천당제약,KOSDAQ,0.0
024950,삼천리자전거,KOSDAQ,0.0
038500,삼표시멘트,KOSDAQ,0.0
437730,삼현,KOSDAQ,0.0
017480,삼현철강,KOSDAQ,0.0
046390,삼화네트웍스,KOSDAQ,0.0
027580,상보,KOSDAQ,0.0
038540,상상인,KOSDAQ,0.0
452670,상상인제4호스팩,KOSDAQ,0.0
091580,상신이디피,KOSDAQ,0.0
263810,상신전자,KOSDAQ,0.0
089980,상아프론테크,KOSDAQ,0.0
042940,상지건설,KOSDAQ,0.0
042600,새로닉스,KOSDAQ,0.0
107600,새빗켐,KOSDAQ,0.0
411080,샌즈랩,KOSDAQ,0.0
252990,샘씨엔에스,KOSDAQ,0.0
378800,샤페론,KOSDAQ,0.0
294630,서남,KOSDAQ,0.0
038070,서린바이오,KOSDAQ,0.0
006730,서부T&D,KOSDAQ,0.0
079650,서산,KOSDAQ,0.0
100660,서암기계공업,KOSDAQ,0.0
019770,서연탑메탈,KOSDAQ,0.0
043710,서울리거,KOSDAQ,0.0
092190,서울바이오시스,KOSDAQ,0.0
046890,서울반도체,KOSDAQ,0.0
063170,서울옥션,KOSDAQ,0.0
027040,서울전자통신,KOSDAQ,0.0
018680,서울제약,KOSDAQ,0.0
036120,서울평가정보,KOSDAQ,0.0
093920,서원인텍,KOSDAQ,0.0
189860,서전기전,KOSDAQ,0.0
178320,서진시스템,KOSDAQ,0.0
122690,서진오토모티브,KOSDAQ,0.0
140070,서플러스글로벌,KOSDAQ,0.0
011370,서한,KOSDAQ,0.0
065710,서호전기,KOSDAQ,0.0
035890,서희건설,KOSDAQ,0.0
357550,석경에이티,KOSDAQ,0.0
003100,선광,KOSDAQ,0.0
067370,선바이오,KOSDAQ,0.0
217620,선샤인푸드,KOSDAQ,0.0
171090,선익시스템,KOSDAQ,0.0
086710,선진뷰티사이언스,KOSDAQ,0.0
014620,성광벤드,KOSDAQ,0.0
037350,성도이엔지,KOSDAQ,0.0
458650,성우,KOSDAQ,0.0
081580,성우전자,KOSDAQ,0.0
045300,성우테크론,KOSDAQ,0.0
015750,성우하이텍,KOSDAQ,0.0
365340,성일하이텍,KOSDAQ,0.0
080470,성창오토텍,KOSDAQ,0.0
043260,성호전자,KOSDAQ,0.0
148150,세경하이테크,KOSDAQ,0.0
188260,세니젠,KOSDAQ,0.0
053060,세동,KOSDAQ,0.0
340440,세림B&G,KOSDAQ,0.0
017510,세명전기,KOSDAQ,0.0
011560,세보엠이씨,KOSDAQ,0.0
396300,세아메카닉스,KOSDAQ,0.0
100700,세운메디칼,KOSDAQ,0.0
024830,세원물산,KOSDAQ,0.0
258830,세종메디칼,KOSDAQ,0.0
036630,세종텔레콤,KOSDAQ,0.0
039310,세중,KOSDAQ,0.0
067770,세진티에스,KOSDAQ,0.0
053450,세코닉스,KOSDAQ,0.0
222810,세토피아,KOSDAQ,0.0
252500,세화피앤씨,KOSDAQ,0.0
321370,센서뷰,KOSDAQ,0.0
347000,센코,KOSDAQ,0.0
331920,셀레믹스,KOSDAQ,0.0
352770,셀레스트라,KOSDAQ,0.0
471820,셀로맥스사이언스,KOSDAQ,0.0
049180,셀루메드,KOSDAQ,0.0
299660,셀리드,KOSDAQ,0.0
108860,셀바스AI,KOSDAQ,0.0
208370,셀바스헬스케어,KOSDAQ,0.0
318160,셀바이오휴먼텍,KOSDAQ,0.0
308430,셀비온,KOSDAQ,0.0
068760,셀트리온제약,KOSDAQ,0.0
068940,셀피글로벌,KOSDAQ,0.0
007720,소노스퀘어,KOSDAQ,0.0
060230,소니드,KOSDAQ,0.0
290690,소룩스,KOSDAQ,0.0
950200,소마젠,KOSDAQ,0.0
032680,소프트센,KOSDAQ,0.0
032685,소프트센우,KOSDAQ,0.0
258790,소프트캠프,KOSDAQ,0.0
066910,손오공,KOSDAQ,0.0
215090,솔디펜스,KOSDAQ,0.0
035610,솔본,KOSDAQ,0.0
357780,솔브레인,KOSDAQ,0.0
036830,솔브레인홀딩스,KOSDAQ,0.0
304100,솔트룩스,KOSDAQ,0.0
328380,솔트웨어,KOSDAQ,0.0
086980,쇼박스,KOSDAQ,0.0
050960,수산아이앤티,KOSDAQ,0.0
084180,수성웹툰,KOSDAQ,0.0
253840,수젠텍,KOSDAQ,0.0
298830,슈어소프트테크,KOSDAQ,0.0
236200,슈프리마,KOSDAQ,0.0
094840,슈프리마에이치큐,KOSDAQ,0.0
192440,슈피겐코리아,KOSDAQ,0.0
424960,스마트레이더시스템,KOSDAQ,0.0
099440,스맥,KOSDAQ,0.0
276040,스코넥,KOSDAQ,0.0
060240,스타코링크,KOSDAQ,0.0
115570,스타플렉스,KOSDAQ,0.0
330730,스톤브릿지벤처스,KOSDAQ,0.0
352090,스톰테크,KOSDAQ,0.0
253450,스튜디오드래곤,KOSDAQ,0.0
408900,스튜디오미르,KOSDAQ,0.0
204630,스튜디오산타클로스,KOSDAQ,0.0
415380,스튜디오삼익,KOSDAQ,0.0
013810,스페코,KOSDAQ,0.0
347700,스피어,KOSDAQ,0.0
049830,승일,KOSDAQ,0.0
020710,시공테크,KOSDAQ,0.0
033170,시그네틱스,KOSDAQ,0.0
048870,시너지이노베이션,KOSDAQ,0.0
025320,시노펙스,KOSDAQ,0.0
340810,시선AI,KOSDAQ,0.0
269620,시스웍,KOSDAQ,0.0
056090,시지메드텍,KOSDAQ,0.0
429270,시지트로닉스,KOSDAQ,0.0
418250,시큐레터,KOSDAQ,0.0
131090,시큐브,KOSDAQ,0.0
290520,신도기연,KOSDAQ,0.0
001000,신라섬유,KOSDAQ,0.0
025870,신라에스지,KOSDAQ,0.0
215600,신라젠,KOSDAQ,0.0
065350,신성델타테크,KOSDAQ,0.0
416180,신성에스티,KOSDAQ,0.0
162300,신스틸,KOSDAQ,0.0
290560,신시웨이,KOSDAQ,0.0
002800,신신제약,KOSDAQ,0.0
472220,신영스팩10호,KOSDAQ,0.0
430220,신영스팩8호,KOSDAQ,0.0
445970,신영스팩9호,KOSDAQ,0.0
017000,신원종합개발,KOSDAQ,0.0
012790,신일제약,KOSDAQ,0.0
138070,신진에스엠,KOSDAQ,0.0
226330,신테카바이오,KOSDAQ,0.0
452980,신한제11호스팩,KOSDAQ,0.0
474660,신한제12호스팩,KOSDAQ,0.0
474930,신한제13호스팩,KOSDAQ,0.0
487360,신한제14호스팩,KOSDAQ,0.0
487830,신한제15호스팩,KOSDAQ,0.0
496070,신한제16호스팩,KOSDAQ,0.0
056700,신화인터텍,KOSDAQ,0.0
187270,신화콘텍,KOSDAQ,0.0
243840,신흥에스이씨,KOSDAQ,0.0
257720,실리콘투,KOSDAQ,0.0
222800,심텍,KOSDAQ,0.0
036710,심텍홀딩스,KOSDAQ,0.0
444530,심플랫폼,KOSDAQ,0.0
160980,싸이맥스,KOSDAQ,0.0
356890,싸이버원,KOSDAQ,0.0
217330,싸이토젠,KOSDAQ,0.0
208640,썸에이지,KOSDAQ,0.0
222420,쎄노텍,KOSDAQ,0.0
037760,쎄니트,KOSDAQ,0.0
081180,쎄크,KOSDAQ,0.0
099320,쎄트렉아이,KOSDAQ,0.0
049960,쎌바이오텍,KOSDAQ,0.0
088280,쏘닉스,KOSDAQ,0.0
050890,쏠리드,KOSDAQ,0.0
394800,쓰리빌리언,KOSDAQ,0.0
177900,쓰리에이로직스,KOSDAQ,0.0
475400,씨메스,KOSDAQ,0.0
109670,씨싸이트,KOSDAQ,0.0
066790,씨씨에스,KOSDAQ,0.0
222080,씨아이에스,KOSDAQ,0.0
352480,씨앤씨인터내셔널,KOSDAQ,0.0
264660,씨앤지하이테크,KOSDAQ,0.0
352700,씨앤투스,KOSDAQ,0.0
458870,씨어스테크놀로지,KOSDAQ,0.0
297090,씨에스베어링,KOSDAQ,0.0
900120,씨엑스아이,KOSDAQ,0.0
359090,씨엔알리서치,KOSDAQ,0.0
115530,씨엔플러스,KOSDAQ,0.0
115480,씨유메디칼,KOSDAQ,0.0
376290,씨유테크,KOSDAQ,0.0
189330,씨이랩,KOSDAQ,0.0
096530,씨젠,KOSDAQ,0.0
101240,씨큐브,KOSDAQ,0.0
060590,씨티씨바이오,KOSDAQ,0.0
260930,씨티케이,KOSDAQ,0.0
413630,씨피시스템,KOSDAQ,0.0
013990,아가방컴퍼니,KOSDAQ,0.0
123860,아나패스,KOSDAQ,0.0
025980,아난티,KOSDAQ,0.0
125210,아모그린텍,KOSDAQ,0.0
357580,아모센스,KOSDAQ,0.0
052710,아모텍,KOSDAQ,0.0
074430,아미노로직스,KOSDAQ,0.0
092040,아미코젠,KOSDAQ,0.0
083930,아바코,KOSDAQ,0.0
149950,아바텍,KOSDAQ,0.0
036010,아비코전자,KOSDAQ,0.0
050860,아세아텍,KOSDAQ,0.0
136410,아셈스,KOSDAQ,0.0
246720,아스타,KOSDAQ,0.0
450950,아스테라시스,KOSDAQ,0.0
067390,아스트,KOSDAQ,0.0
159010,아스플로,KOSDAQ,0.0
127710,아시아경제,KOSDAQ,0.0
154030,아시아종묘,KOSDAQ,0.0
227610,아우딘퓨쳐스,KOSDAQ,0.0
143160,아이디스,KOSDAQ,0.0
054800,아이디스홀딩스,KOSDAQ,0.0
332370,아이디피,KOSDAQ,0.0
339950,아이비김영,KOSDAQ,0.0
469750,아이비젼웍스,KOSDAQ,0.0
460470,아이빔테크놀로지,KOSDAQ,0.0
099190,아이센스,KOSDAQ,0.0
461300,아이스크림미디어,KOSDAQ,0.0
289010,아이스크림에듀,KOSDAQ,0.0
214430,아이쓰리시스템,KOSDAQ,0.0
040910,아이씨디,KOSDAQ,0.0
368600,아이씨에이치,KOSDAQ,0.0
456010,아이씨티케이,KOSDAQ,0.0
052860,아이앤씨,KOSDAQ,0.0
464500,아이언디바이스,KOSDAQ,0.0
212710,아이에스티이,KOSDAQ,0.0
038880,아이에이,KOSDAQ,0.0
307180,아이엘,KOSDAQ,0.0
101390,아이엠,KOSDAQ,0.0
461030,아이엠비디엑스,KOSDAQ,0.0
451220,아이엠티,KOSDAQ,0.0
090150,아이윈,KOSDAQ,0.0
123010,아이윈플러스,KOSDAQ,0.0
031310,아이즈비전,KOSDAQ,0.0
462980,아이지넷,KOSDAQ,0.0
185490,아이진,KOSDAQ,0.0
059100,아이컴포넌트,KOSDAQ,0.0
262840,아이퀘스트,KOSDAQ,0.0
175250,아이큐어,KOSDAQ,0.0
052460,아이크래프트,KOSDAQ,0.0
119830,아이텍,KOSDAQ,0.0
052770,아이톡시,KOSDAQ,0.0
124500,아이티센글로벌,KOSDAQ,0.0
010280,아이티센엔텍,KOSDAQ,0.0
232830,아이티센피엔에스,KOSDAQ,0.0
372800,아이티아이즈,KOSDAQ,0.0
084850,아이티엠반도체,KOSDAQ,0.0
114840,아이패밀리에스씨,KOSDAQ,0.0
027360,아주IB투자,KOSDAQ,0.0
032080,아즈텍WB,KOSDAQ,0.0
013310,아진산업,KOSDAQ,0.0
059120,아진엑스텍,KOSDAQ,0.0
203690,아크솔루션스,KOSDAQ,0.0
158430,아톤,KOSDAQ,0.0
200350,아티스트스튜디오,KOSDAQ,0.0
321820,아티스트컴퍼니,KOSDAQ,0.0
001540,안국약품,KOSDAQ,0.0
053800,안랩,KOSDAQ,0.0
065660,안트로젠,KOSDAQ,0.0
297570,알로이스,KOSDAQ,0.0
260660,알리코제약,KOSDAQ,0.0
354320,알멕,KOSDAQ,0.0
361570,알비더블유,KOSDAQ,0.0
131370,알서포트,KOSDAQ,0.0
140670,알에스오토메이션,KOSDAQ,0.0
096610,알에프세미,KOSDAQ,0.0
061040,알에프텍,KOSDAQ,0.0
148250,알엔투테크놀로지,KOSDAQ,0.0
347860,알체라,KOSDAQ,0.0
196170,알테오젠,KOSDAQ,0.0
123750,알톤,KOSDAQ,0.0
085810,알티캐스트,KOSDAQ,0.0
043100,알파녹스,KOSDAQ,0.0
117670,알파칩스,KOSDAQ,0.0
314140,알피바이오,KOSDAQ,0.0
291650,압타머사이언스,KOSDAQ,0.0
293780,압타바이오,KOSDAQ,0.0
310200,애니플러스,KOSDAQ,0.0
179530,애드바이오텍,KOSDAQ,0.0
900100,애머릿지,KOSDAQ,0.0
052790,액토즈소프트,KOSDAQ,0.0
290740,액트로,KOSDAQ,0.0
238090,앤디포스,KOSDAQ,0.0
092600,앤씨앤,KOSDAQ,0.0
129890,앱코,KOSDAQ,0.0
174900,앱클론,KOSDAQ,0.0
270520,앱트뉴로사이언스,KOSDAQ,0.0
255440,야스,KOSDAQ,0.0
030960,양지사,KOSDAQ,0.0
102120,어보브반도체,KOSDAQ,0.0
238120,얼라인드,KOSDAQ,0.0
019990,에너토크,KOSDAQ,0.0
435570,에르코스,KOSDAQ,0.0
270660,에브리봇,KOSDAQ,0.0
038680,에스넷,KOSDAQ,0.0
217480,에스디생명공학,KOSDAQ,0.0
121890,에스디시스템,KOSDAQ,0.0
304360,에스바이오메딕스,KOSDAQ,0.0
389500,에스비비테크,KOSDAQ,0.0
042110,에스씨디,KOSDAQ,0.0
298060,에스씨엠생명과학,KOSDAQ,0.0
065420,에스아이리소스,KOSDAQ,0.0
103230,에스앤더블류,KOSDAQ,0.0
260970,에스앤디,KOSDAQ,0.0
101490,에스앤에스텍,KOSDAQ,0.0
095910,에스에너지,KOSDAQ,0.0
275630,에스에스알,KOSDAQ,0.0
031330,에스에이엠티,KOSDAQ,0.0
060540,에스에이티,KOSDAQ,0.0
056190,에스에프에이,KOSDAQ,0.0
246250,에스엘에스바이오,KOSDAQ,0.0
041510,에스엠,KOSDAQ,0.0
460870,에스엠씨지,KOSDAQ,0.0
007820,에스엠코어,KOSDAQ,0.0
464080,에스오에스랩,KOSDAQ,0.0
109610,에스와이,KOSDAQ,0.0
365330,에스와이스틸텍,KOSDAQ,0.0
019590,에스유앤피,KOSDAQ,0.0
306040,에스제이그룹,KOSDAQ,0.0
398120,에스지헬스케어,KOSDAQ,0.0
457940,에스케이증권제10호스팩,KOSDAQ,0.0
472230,에스케이증권제11호스팩,KOSDAQ,0.0
473000,에스케이증권제12호스팩,KOSDAQ,0.0
473950,에스케이증권제13호스팩,KOSDAQ,0.0
455910,에스케이증권제9호스팩,KOSDAQ,0.0
475660,에스켐,KOSDAQ,0.0
096630,에스코넥,KOSDAQ,0.0
069510,에스텍,KOSDAQ,0.0
234300,에스트래픽,KOSDAQ,0.0
039440,에스티아이,KOSDAQ,0.0
098660,에스티오,KOSDAQ,0.0
052020,에스티큐브,KOSDAQ,0.0
237690,에스티팜,KOSDAQ,0.0
050760,에스폴리텍,KOSDAQ,0.0
288620,에스퓨얼셀,KOSDAQ,0.0
443670,에스피소프트,KOSDAQ,0.0
317830,에스피시스템스,KOSDAQ,0.0
058610,에스피지,KOSDAQ,0.0
043340,에쎈테크,KOSDAQ,0.0
163280,에어레인,KOSDAQ,0.0
054630,에이디칩스,KOSDAQ,0.0
200710,에이디테크놀로지,KOSDAQ,0.0
475580,에이럭스,KOSDAQ,0.0
096690,에이루트,KOSDAQ,0.0
298380,에이비엘바이오,KOSDAQ,0.0
203400,에이비온,KOSDAQ,0.0
195990,에이비프로바이오,KOSDAQ,0.0
003800,에이스침대,KOSDAQ,0.0
088800,에이스테크,KOSDAQ,0.0
241840,에이스토리,KOSDAQ,0.0
364950,에이아이코리아,KOSDAQ,0.0
453860,에이에스텍,KOSDAQ,0.0
312610,에이에프더블류,KOSDAQ,0.0
172670,에이엘티,KOSDAQ,0.0
481070,에이유브랜즈,KOSDAQ,0.0
445090,에이직랜드,KOSDAQ,0.0
295310,에이치브이엠,KOSDAQ,0.0
072990,에이치시티,KOSDAQ,0.0
044990,에이치엔에스하이텍,KOSDAQ,0.0
239610,에이치엘사이언스,KOSDAQ,0.0
036170,에이치엠넥스,KOSDAQ,0.0
462020,에이치엠씨제6호스팩,KOSDAQ,0.0
477340,에이치엠씨제7호스팩,KOSDAQ,0.0
148930,에이치와이티씨,KOSDAQ,0.0
376270,에이치이엠파마,KOSDAQ,0.0
044780,에이치케이,KOSDAQ,0.0
357230,에이치피오,KOSDAQ,0.0
355690,에이텀,KOSDAQ,0.0
071670,에이테크솔루션,KOSDAQ,0.0
045660,에이텍,KOSDAQ,0.0
224110,에이텍모빌리티,KOSDAQ,0.0
021080,에이티넘인베스트,KOSDAQ,0.0
200470,에이팩트,KOSDAQ,0.0
262260,에이프로,KOSDAQ,0.0
397030,에이프릴바이오,KOSDAQ,0.0
230240,에치에프알,KOSDAQ,0.0
159910,에코글로우,KOSDAQ,0.0
230360,에코마케팅,KOSDAQ,0.0
038870,에코바이오,KOSDAQ,0.0
097780,에코볼트,KOSDAQ,0.0
448280,에코아이,KOSDAQ,0.0
101360,에코앤드림,KOSDAQ,0.0
128540,에코캡,KOSDAQ,0.0
086520,에코프로,KOSDAQ,0.0
247540,에코프로비엠,KOSDAQ,0.0
383310,에코프로에이치엔,KOSDAQ,0.0
038110,에코플라스틱,KOSDAQ,0.0
073540,에프알텍,KOSDAQ,0.0
064850,에프앤가이드,KOSDAQ,0.0
036810,에프에스티,KOSDAQ,0.0
173940,에프엔씨엔터,KOSDAQ,0.0
083500,에프엔에스테크,KOSDAQ,0.0
054940,엑사이엔씨,KOSDAQ,0.0
950130,엑세스바이오,KOSDAQ,0.0
373110,엑셀세라퓨틱스,KOSDAQ,0.0
205100,엑셈,KOSDAQ,0.0
356680,엑스게이트,KOSDAQ,0.0
070300,엑스큐어,KOSDAQ,0.0
317770,엑스페릭스,KOSDAQ,0.0
373200,엑스플러스,KOSDAQ,0.0
069920,엑시온그룹,KOSDAQ,0.0
092870,엑시콘,KOSDAQ,0.0
317870,엔바이오니아,KOSDAQ,0.0
067570,엔브이에이치코리아,KOSDAQ,0.0
236810,엔비티,KOSDAQ,0.0
333620,엔시스,KOSDAQ,0.0
101400,엔시트론,KOSDAQ,0.0
078860,엔에스이엔엠,KOSDAQ,0.0
438580,엔에이치스팩25호,KOSDAQ,0.0
439410,엔에이치스팩26호,KOSDAQ,0.0
440820,엔에이치스팩27호,KOSDAQ,0.0
451700,엔에이치스팩29호,KOSDAQ,0.0
466910,엔에이치스팩30호,KOSDAQ,0.0
481890,엔에이치스팩31호,KOSDAQ,0.0
265740,엔에프씨,KOSDAQ,0.0
354200,엔젠바이오,KOSDAQ,0.0
455900,엔젤로보틱스,KOSDAQ,0.0
419080,엔젯,KOSDAQ,0.0
208860,엔지스테크널러지,KOSDAQ,0.0
183490,엔지켐생명과학,KOSDAQ,0.0
182400,엔케이맥스,KOSDAQ,0.0
348370,엔켐,KOSDAQ,0.0
069410,엔텔스,KOSDAQ,0.0
227950,엔투텍,KOSDAQ,0.0
291230,엔피,KOSDAQ,0.0
198080,엔피디,KOSDAQ,0.0
048830,엔피케이,KOSDAQ,0.0
096870,엘디티,KOSDAQ,0.0
290650,엘앤씨바이오,KOSDAQ,0.0
156100,엘앤케이바이오,KOSDAQ,0.0
073110,엘엠에스,KOSDAQ,0.0
083310,엘오티베큠,KOSDAQ,0.0
037950,엘컴텍,KOSDAQ,0.0
489500,엘케이켐,KOSDAQ,0.0
170920,엘티씨,KOSDAQ,0.0
058630,엠게임,KOSDAQ,0.0
226590,엠디바이스,KOSDAQ,0.0
058970,엠로,KOSDAQ,0.0
169330,엠브레인,KOSDAQ,0.0
373170,엠아이큐브솔루션,KOSDAQ,0.0
179290,엠아이텍,KOSDAQ,0.0
009780,엠에스씨,KOSDAQ,0.0
123040,엠에스오토텍,KOSDAQ,0.0
432980,엠에프씨,KOSDAQ,0.0
323230,엠에프엠코리아,KOSDAQ,0.0
413390,엠오티,KOSDAQ,0.0
032790,엠젠솔루션,KOSDAQ,0.0
033160,엠케이전자,KOSDAQ,0.0
347890,엠투아이,KOSDAQ,0.0
033310,엠투엔,KOSDAQ,0.0
259630,엠플러스,KOSDAQ,0.0
105550,엣지파운드리,KOSDAQ,0.0
060850,영림원소프트랩,KOSDAQ,0.0
143540,영우디에스피,KOSDAQ,0.0
265560,영화테크,KOSDAQ,0.0
036000,예림당,KOSDAQ,0.0
250930,예선테크,KOSDAQ,0.0
053280,예스24,KOSDAQ,0.0
122640,예스티,KOSDAQ,0.0
476040,오가노이드사이언스,KOSDAQ,0.0
900300,오가닉티코스메틱,KOSDAQ,0.0
045060,오공,KOSDAQ,0.0
192410,오늘이엔엠,KOSDAQ,0.0
080520,오디텍,KOSDAQ,0.0
039830,오로라,KOSDAQ,0.0
322310,오로스테크놀로지,KOSDAQ,0.0
046120,오르비텍,KOSDAQ,0.0
475830,오름테라퓨틱,KOSDAQ,0.0
014940,오리엔탈정공,KOSDAQ,0.0
065500,오리엔트정공,KOSDAQ,0.0
010470,오리콤,KOSDAQ,0.0
417860,오브젠,KOSDAQ,0.0
352910,오비고,KOSDAQ,0.0
053980,오상자이엘,KOSDAQ,0.0
036220,오상헬스케어,KOSDAQ,0.0
052420,오성첨단소재,KOSDAQ,0.0
052300,오션인더블유,KOSDAQ,0.0
039200,오스코텍,KOSDAQ,0.0
226400,오스테오닉,KOSDAQ,0.0
031510,오스템,KOSDAQ,0.0
368970,오에스피,KOSDAQ,0.0
138080,오이솔루션,KOSDAQ,0.0
080580,오킨스전자,KOSDAQ,0.0
067170,오텍,KOSDAQ,0.0
353590,오토앤,KOSDAQ,0.0
173130,오파스넷,KOSDAQ,0.0
440320,오픈놀,KOSDAQ,0.0
049480,오픈베이스,KOSDAQ,0.0
394280,오픈엣지테크놀로지,KOSDAQ,0.0
309930,오하임앤컴퍼니,KOSDAQ,0.0
476060,온코닉테라퓨틱스,KOSDAQ,0.0
382150,온코크로스,KOSDAQ,0.0
244460,올리패스,KOSDAQ,0.0
226950,올릭스,KOSDAQ,0.0
057540,옴니시스템,KOSDAQ,0.0
131030,옵투스제약,KOSDAQ,0.0
082210,옵트론텍,KOSDAQ,0.0
109080,옵티시스,KOSDAQ,0.0
380540,옵티코어,KOSDAQ,0.0
153710,옵티팜,KOSDAQ,0.0
432430,와이랩,KOSDAQ,0.0
338840,와이바이오로직스,KOSDAQ,0.0
122990,와이솔,KOSDAQ,0.0
232140,와이씨,KOSDAQ,0.0
112290,와이씨켐,KOSDAQ,0.0
065530,와이어블,KOSDAQ,0.0
067900,와이엔텍,KOSDAQ,0.0
007530,와이엠,KOSDAQ,0.0
155650,와이엠씨,KOSDAQ,0.0
273640,와이엠텍,KOSDAQ,0.0
251370,와이엠티,KOSDAQ,0.0
066430,와이오엠,KOSDAQ,0.0
209640,와이제이링크,KOSDAQ,0.0
096250,와이즈넛,KOSDAQ,0.0
273060,와이즈버즈,KOSDAQ,0.0
019210,와이지-원,KOSDAQ,0.0
122870,와이지엔터테인먼트,KOSDAQ,0.0
079000,와토스코리아,KOSDAQ,0.0
403490,우듬지팜,KOSDAQ,0.0
032820,우리기술,KOSDAQ,0.0
041190,우리기술투자,KOSDAQ,0.0
115440,우리넷,KOSDAQ,0.0
046970,우리로,KOSDAQ,0.0
082850,우리바이오,KOSDAQ,0.0
215360,우리산업,KOSDAQ,0.0
072470,우리산업홀딩스,KOSDAQ,0.0
073560,우리손에프앤지,KOSDAQ,0.0
037400,우리엔터프라이즈,KOSDAQ,0.0
153490,우리이앤엘,KOSDAQ,0.0
101170,우림피티에스,KOSDAQ,0.0
066590,우수AMS,KOSDAQ,0.0
103840,우양,KOSDAQ,0.0
101970,우양에이치씨,KOSDAQ,0.0
046940,우원개발,KOSDAQ,0.0
215380,우정바이오,KOSDAQ,0.0
065680,우주일렉트로,KOSDAQ,0.0
018620,우진비앤지,KOSDAQ,0.0
457550,우진엔텍,KOSDAQ,0.0
396470,워트,KOSDAQ,0.0
307280,원바이오젠,KOSDAQ,0.0
032940,원익,KOSDAQ,0.0
240810,원익IPS,KOSDAQ,0.0
074600,원익QnC,KOSDAQ,0.0
104830,원익머트리얼즈,KOSDAQ,0.0
014190,원익큐브,KOSDAQ,0.0
217820,원익피앤이,KOSDAQ,0.0
030530,원익홀딩스,KOSDAQ,0.0
012620,원일특강,KOSDAQ,0.0
136150,원일티엔아이,KOSDAQ,0.0
382840,원준,KOSDAQ,0.0
336570,원텍,KOSDAQ,0.0
376980,원티드랩,KOSDAQ,0.0
008370,원풍,KOSDAQ,0.0
008290,원풍물산,KOSDAQ,0.0
101160,월덱스,KOSDAQ,0.0
336060,웨이버스,KOSDAQ,0.0
095270,웨이브일렉트로,KOSDAQ,0.0
289930,웨이비스,KOSDAQ,0.0
065950,웰크론,KOSDAQ,0.0
076080,웰크론한텍,KOSDAQ,0.0
043590,웰킵스하이텍,KOSDAQ,0.0
196700,웹스,KOSDAQ,0.0
069080,웹젠,KOSDAQ,0.0
053580,웹케시,KOSDAQ,0.0
479960,위너스,KOSDAQ,0.0
071460,위니아,KOSDAQ,0.0
377460,위니아에이드,KOSDAQ,0.0
044340,위닉스,KOSDAQ,0.0
330350,위더스제약,KOSDAQ,0.0
348350,위드텍,KOSDAQ,0.0
112040,위메이드,KOSDAQ,0.0
101730,위메이드맥스,KOSDAQ,0.0
123420,위메이드플레이,KOSDAQ,0.0
065370,위세아이텍,KOSDAQ,0.0
038620,위즈코프,KOSDAQ,0.0
299900,위지윅스튜디오,KOSDAQ,0.0
036090,위지트,KOSDAQ,0.0
459100,위츠,KOSDAQ,0.0
136540,윈스테크넷,KOSDAQ,0.0
097800,윈팩,KOSDAQ,0.0
192390,윈하이텍,KOSDAQ,0.0
335870,윙스풋,KOSDAQ,0.0
900340,윙입푸드,KOSDAQ,0.0
036200,유니셈,KOSDAQ,0.0
018000,유니슨,KOSDAQ,0.0
203450,유니온바이오메트릭스,KOSDAQ,0.0
011320,유니크,KOSDAQ,0.0
086390,유니테스트,KOSDAQ,0.0
241690,유니테크노,KOSDAQ,0.0
142210,유니트론텍,KOSDAQ,0.0
389680,유디엠텍,KOSDAQ,0.0
088340,유라클,KOSDAQ,0.0
048430,유라테크,KOSDAQ,0.0
206650,유바이오로직스,KOSDAQ,0.0
089850,유비벨록스,KOSDAQ,0.0
084440,유비온,KOSDAQ,0.0
032620,유비케어,KOSDAQ,0.0
264450,유비쿼스,KOSDAQ,0.0
078070,유비쿼스홀딩스,KOSDAQ,0.0
024800,유성티엔에스,KOSDAQ,0.0
054930,유신,KOSDAQ,0.0
069330,유아이디,KOSDAQ,0.0
049520,유아이엘,KOSDAQ,0.0
444920,유안타제11호스팩,KOSDAQ,0.0
446150,유안타제12호스팩,KOSDAQ,0.0
449020,유안타제13호스팩,KOSDAQ,0.0
450940,유안타제14호스팩,KOSDAQ,0.0
473050,유안타제15호스팩,KOSDAQ,0.0
474490,유안타제16호스팩,KOSDAQ,0.0
493790,유안타제17호스팩,KOSDAQ,0.0
263770,유에스티,KOSDAQ,0.0
388720,유일로보틱스,KOSDAQ,0.0
340930,유일에너테크,KOSDAQ,0.0
023410,유진기업,KOSDAQ,0.0
056080,유진로봇,KOSDAQ,0.0
468760,유진스팩10호,KOSDAQ,0.0
488060,유진스팩11호,KOSDAQ,0.0
442130,유진스팩9호,KOSDAQ,0.0
084370,유진테크,KOSDAQ,0.0
240600,유진테크놀로지,KOSDAQ,0.0
221800,유투바이오,KOSDAQ,0.0
179900,유티아이,KOSDAQ,0.0
263050,유틸렉스,KOSDAQ,0.0
191410,육일씨엔에쓰,KOSDAQ,0.0
372170,윤성에프앤씨,KOSDAQ,0.0
146060,율촌,KOSDAQ,0.0
072770,율호,KOSDAQ,0.0
039020,이건홀딩스,KOSDAQ,0.0
067920,이글루,KOSDAQ,0.0
044960,이글벳,KOSDAQ,0.0
303530,이노뎁,KOSDAQ,0.0
296640,이노룰스,KOSDAQ,0.0
302430,이노메트리,KOSDAQ,0.0
462350,이노스페이스,KOSDAQ,0.0
274400,이노시뮬레이션,KOSDAQ,0.0
073490,이노와이어리스,KOSDAQ,0.0
215790,이노인스트루먼트,KOSDAQ,0.0
344860,이노진,KOSDAQ,0.0
088390,이녹스,KOSDAQ,0.0
272290,이녹스첨단소재,KOSDAQ,0.0
053350,이니텍,KOSDAQ,0.0
452400,이닉스,KOSDAQ,0.0
264850,이랜시스,KOSDAQ,0.0
054210,이랜텍,KOSDAQ,0.0
009730,이렘,KOSDAQ,0.0
065440,이루온,KOSDAQ,0.0
424870,이뮨온시아,KOSDAQ,0.0
115610,이미지스,KOSDAQ,0.0
478110,이베스트스팩6호,KOSDAQ,0.0
131400,이브이첨단소재,KOSDAQ,0.0
351330,이삭엔지니어링,KOSDAQ,0.0
080010,이상네트웍스,KOSDAQ,0.0
086890,이수앱지스,KOSDAQ,0.0
047560,이스트소프트,KOSDAQ,0.0
900110,이스트아시아홀딩스,KOSDAQ,0.0
239340,이스트에이드,KOSDAQ,0.0
067010,이씨에스,KOSDAQ,0.0
456070,이엔셀,KOSDAQ,0.0
102710,이엔에프테크놀로지,KOSDAQ,0.0
041520,이엘씨,KOSDAQ,0.0
063760,이엘피,KOSDAQ,0.0
123570,이엠넷,KOSDAQ,0.0
083470,이엠앤아이,KOSDAQ,0.0
095190,이엠코리아,KOSDAQ,0.0
091120,이엠텍,KOSDAQ,0.0
039030,이오테크닉스,KOSDAQ,0.0
294090,이오플로우,KOSDAQ,0.0
088290,이원컴포텍,KOSDAQ,0.0
353810,이지바이오,KOSDAQ,0.0
099750,이지케어텍,KOSDAQ,0.0
377330,이지트로닉스,KOSDAQ,0.0
035810,이지홀딩스,KOSDAQ,0.0
092130,이크레더블,KOSDAQ,0.0
096040,이트론,KOSDAQ,0.0
134060,이퓨쳐,KOSDAQ,0.0
001840,이화공영,KOSDAQ,0.0
024810,이화전기,KOSDAQ,0.0
041830,인바디,KOSDAQ,0.0
352940,인바이오,KOSDAQ,0.0
079950,인베니아,KOSDAQ,0.0
389470,인벤티지랩,KOSDAQ,0.0
277410,인산가,KOSDAQ,0.0
060150,인선이엔티,KOSDAQ,0.0
033230,인성정보,KOSDAQ,0.0
450520,인스웨이브,KOSDAQ,0.0
465480,인스피언,KOSDAQ,0.0
037330,인지디스플레,KOSDAQ,0.0
100030,인지소프트,KOSDAQ,0.0
211050,인카금융서비스,KOSDAQ,0.0
083640,인콘,KOSDAQ,0.0
064090,인크레더블버즈,KOSDAQ,0.0
216050,인크로스,KOSDAQ,0.0
049070,인탑스,KOSDAQ,0.0
119610,인터로조,KOSDAQ,0.0
017250,인터엠,KOSDAQ,0.0
051370,인터플렉스,KOSDAQ,0.0
064290,인텍플러스,KOSDAQ,0.0
189300,인텔리안테크,KOSDAQ,0.0
287840,인투셀,KOSDAQ,0.0
150840,인트로메딕,KOSDAQ,0.0
048530,인트론바이오,KOSDAQ,0.0
115310,인포바인,KOSDAQ,0.0
039290,인포뱅크,KOSDAQ,0.0
071200,인피니트헬스케어,KOSDAQ,0.0
101930,인화정공,KOSDAQ,0.0
333430,일승,KOSDAQ,0.0
068330,일신바이오,KOSDAQ,0.0
178780,일월지엠엘,KOSDAQ,0.0
019540,일지테크,KOSDAQ,0.0
094820,일진파워,KOSDAQ,0.0
950140,잉글우드랩,KOSDAQ,0.0
049550,잉크테크,KOSDAQ,0.0
389020,자람테크놀로지,KOSDAQ,0.0
254120,자비스,KOSDAQ,0.0
043910,자연과환경,KOSDAQ,0.0
234920,자이글,KOSDAQ,0.0
289220,자이언트스텝,KOSDAQ,0.0
174880,장원테크,KOSDAQ,0.0
049630,재영솔루텍,KOSDAQ,0.0
417840,저스템,KOSDAQ,0.0
110020,전진바이오팜,KOSDAQ,0.0
208140,정다운,KOSDAQ,0.0
040420,정상제이엘에스,KOSDAQ,0.0
045510,정원엔시스,KOSDAQ,0.0
217190,제너셈,KOSDAQ,0.0
095700,제넥신,KOSDAQ,0.0
072520,제넨바이오,KOSDAQ,0.0
122310,제노레이,KOSDAQ,0.0
361390,제노코,KOSDAQ,0.0
225220,제놀루션,KOSDAQ,0.0
123330,제닉,KOSDAQ,0.0
381620,제닉스,KOSDAQ,0.0
159580,제로투세븐,KOSDAQ,0.0
147830,제룡산업,KOSDAQ,0.0
033100,제룡전기,KOSDAQ,0.0
079370,제우스,KOSDAQ,0.0
054950,제이브이엠,KOSDAQ,0.0
023440,제이스코홀딩스,KOSDAQ,0.0
090470,제이스텍,KOSDAQ,0.0
137950,제이씨케미칼,KOSDAQ,0.0
033320,제이씨현시스템,KOSDAQ,0.0
417500,제이아이테크,KOSDAQ,0.0
204270,제이앤티씨,KOSDAQ,0.0
127120,제이에스링크,KOSDAQ,0.0
026040,제이에스티나,KOSDAQ,0.0
452160,제이엔비,KOSDAQ,0.0
126880,제이엔케이글로벌,KOSDAQ,0.0
322510,제이엘케이,KOSDAQ,0.0
033050,제이엠아이,KOSDAQ,0.0
094970,제이엠티,KOSDAQ,0.0
418550,제이오,KOSDAQ,0.0
420570,제이투케이바이오,KOSDAQ,0.0
089790,제이티,KOSDAQ,0.0
052670,제일바이오,KOSDAQ,0.0
412540,제일엠앤에스,KOSDAQ,0.0
199820,제일일렉트릭,KOSDAQ,0.0
038010,제일테크노스,KOSDAQ,0.0
080220,제주반도체,KOSDAQ,0.0
216080,제테마,KOSDAQ,0.0
337930,젝시믹스,KOSDAQ,0.0
229000,젠큐릭스,KOSDAQ,0.0
082270,젬백스,KOSDAQ,0.0
044060,조광ILI,KOSDAQ,0.0
034940,조아제약,KOSDAQ,0.0
067000,조이시티,KOSDAQ,0.0
033340,좋은사람들,KOSDAQ,0.0
036930,주성엔지니어링,KOSDAQ,0.0
072020,중앙백신,KOSDAQ,0.0
000440,중앙에너비스,KOSDAQ,0.0
051980,중앙첨단소재,KOSDAQ,0.0
228760,지노믹트리,KOSDAQ,0.0
314130,지놈앤컴퍼니,KOSDAQ,0.0
389030,지니너스,KOSDAQ,0.0
263860,지니언스,KOSDAQ,0.0
303030,지니틱스,KOSDAQ,0.0
036180,지더블유바이텍,KOSDAQ,0.0
208350,지란지교시큐리티,KOSDAQ,0.0
144510,지씨셀,KOSDAQ,0.0
358570,지아이이노베이션,KOSDAQ,0.0
382480,지아이텍,KOSDAQ,0.0
382800,지앤비에스 에코,KOSDAQ,0.0
051160,지어소프트,KOSDAQ,0.0
053050,지에스이,KOSDAQ,0.0
119850,지엔씨에너지,KOSDAQ,0.0
065060,지엔코,KOSDAQ,0.0
204840,지엘팜텍,KOSDAQ,0.0
311320,지오엘리먼트,KOSDAQ,0.0
388050,지투파워,KOSDAQ,0.0
018120,진로발효,KOSDAQ,0.0
109820,진매트릭스,KOSDAQ,0.0
086060,진바이오텍,KOSDAQ,0.0
036890,진성티이씨,KOSDAQ,0.0
363250,진시스템,KOSDAQ,0.0
007370,진양제약,KOSDAQ,0.0
285800,진영,KOSDAQ,0.0
085660,차바이오텍,KOSDAQ,0.0
261780,차백신연구소,KOSDAQ,0.0
351870,차이커뮤니케이션,KOSDAQ,0.0
094850,참좋은여행,KOSDAQ,0.0
004650,창해에탄올,KOSDAQ,0.0
278280,천보,KOSDAQ,0.0
362320,청담글로벌,KOSDAQ,0.0
066360,체리부로,KOSDAQ,0.0
047820,초록뱀미디어,KOSDAQ,0.0
094360,칩스앤미디어,KOSDAQ,0.0
016920,카스,KOSDAQ,0.0
284620,카이노스메드,KOSDAQ,0.0
293490,카카오게임즈,KOSDAQ,0.0
140430,카티스,KOSDAQ,0.0
042000,카페24,KOSDAQ,0.0
313760,캐리,KOSDAQ,0.0
317530,캐리소프트,KOSDAQ,0.0
071850,캐스텍코리아,KOSDAQ,0.0
210120,캔버스엔,KOSDAQ,0.0
050110,캠시스,KOSDAQ,0.0
452300,캡스톤파트너스,KOSDAQ,0.0
451760,컨텍,KOSDAQ,0.0
900310,컬러레이,KOSDAQ,0.0
078340,컴투스,KOSDAQ,0.0
063080,컴투스홀딩스,KOSDAQ,0.0
307930,컴퍼니케이,KOSDAQ,0.0
079190,케스피온,KOSDAQ,0.0
263700,케어랩스,KOSDAQ,0.0
214370,케어젠,KOSDAQ,0.0
221980,케이디켐,KOSDAQ,0.0
038530,케이바이오,KOSDAQ,0.0
192250,케이사인,KOSDAQ,0.0
431190,케이쓰리아이,KOSDAQ,0.0
115500,케이씨에스,KOSDAQ,0.0
089150,케이씨티,KOSDAQ,0.0
025880,케이씨피드,KOSDAQ,0.0
093320,케이아이엔엑스,KOSDAQ,0.0
093640,케이알엠,KOSDAQ,0.0
073010,케이에스피,KOSDAQ,0.0
105330,케이엔더블유,KOSDAQ,0.0
053080,케이엔솔,KOSDAQ,0.0
199430,케이엔알시스템,KOSDAQ,0.0
432470,케이엔에스,KOSDAQ,0.0
272110,케이엔제이,KOSDAQ,0.0
039420,케이엘넷,KOSDAQ,0.0
083550,케이엠,KOSDAQ,0.0
032500,케이엠더블유,KOSDAQ,0.0
225430,케이엠제약,KOSDAQ,0.0
102370,케이옥션,KOSDAQ,0.0
068100,케이웨더,KOSDAQ,0.0
106080,케이이엠텍,KOSDAQ,0.0
036030,케이티알파,KOSDAQ,0.0
064820,케이프,KOSDAQ,0.0
024880,케이피에프,KOSDAQ,0.0
042040,케이피엠테크,KOSDAQ,0.0
054410,케이피티유,KOSDAQ,0.0
258610,케일럼,KOSDAQ,0.0
274090,켄코아에어로스페이스,KOSDAQ,0.0
089010,켐트로닉스,KOSDAQ,0.0
220260,켐트로스,KOSDAQ,0.0
052400,코나아이,KOSDAQ,0.0
402030,코난테크놀로지,KOSDAQ,0.0
391710,코닉오토메이션,KOSDAQ,0.0
046070,코다코,KOSDAQ,0.0
047770,코데즈컴바인,KOSDAQ,0.0
080530,코디,KOSDAQ,0.0
104540,코렌텍,KOSDAQ,0.0
027050,코리아나,KOSDAQ,0.0
190650,코리아에셋투자증권,KOSDAQ,0.0
123410,코리아에프티,KOSDAQ,0.0
036690,코맥스,KOSDAQ,0.0
049430,코메론,KOSDAQ,0.0
183300,코미코,KOSDAQ,0.0
041960,코미팜,KOSDAQ,0.0
089890,코세스,KOSDAQ,0.0
360350,코셈,KOSDAQ,0.0
082660,코스나인,KOSDAQ,0.0
222040,코스맥스엔비티,KOSDAQ,0.0
241710,코스메카코리아,KOSDAQ,0.0
355150,코스텍시스,KOSDAQ,0.0
166480,코아스템켐온,KOSDAQ,0.0
045970,코아시아,KOSDAQ,0.0
196450,코아시아씨엠,KOSDAQ,0.0
384470,코어라인소프트,KOSDAQ,0.0
029960,코엔텍,KOSDAQ,0.0
102940,코오롱생명과학,KOSDAQ,0.0
950160,코오롱티슈진,KOSDAQ,0.0
033290,코웰패션,KOSDAQ,0.0
056360,코위버,KOSDAQ,0.0
282880,코윈테크,KOSDAQ,0.0
121850,코이즈,KOSDAQ,0.0
448710,코츠테크놀로지,KOSDAQ,0.0
126730,코칩,KOSDAQ,0.0
015710,코콤,KOSDAQ,0.0
052330,코텍,KOSDAQ,0.0
322780,코퍼스코리아,KOSDAQ,0.0
200130,콜마비앤에이치,KOSDAQ,0.0
294570,쿠콘,KOSDAQ,0.0
317690,퀀타매트릭스,KOSDAQ,0.0
227100,퀀텀온,KOSDAQ,0.0
432720,퀄리타스반도체,KOSDAQ,0.0
365270,큐라클,KOSDAQ,0.0
348080,큐라티스,KOSDAQ,0.0
060280,큐렉소,KOSDAQ,0.0
372320,큐로셀,KOSDAQ,0.0
051780,큐로홀딩스,KOSDAQ,0.0
115180,큐리언트,KOSDAQ,0.0
445680,큐리옥스바이오시스템즈,KOSDAQ,0.0
182360,큐브엔터,KOSDAQ,0.0
405100,큐알티,KOSDAQ,0.0
066310,큐에스아이,KOSDAQ,0.0
016600,큐캐피탈,KOSDAQ,0.0
355390,크라우드웍스,KOSDAQ,0.0
096240,크레버스,KOSDAQ,0.0
040350,크레오에스지,KOSDAQ,0.0
110790,크리스에프앤씨,KOSDAQ,0.0
900250,크리스탈신소재,KOSDAQ,0.0
045520,크린앤사이언스,KOSDAQ,0.0
214150,클래시스,KOSDAQ,0.0
466100,클로봇,KOSDAQ,0.0
237880,클리오,KOSDAQ,0.0
139670,키네마스터,KOSDAQ,0.0
475430,키스트론,KOSDAQ,0.0
487720,키움제10호스팩,KOSDAQ,0.0
489480,키움제11호스팩,KOSDAQ,0.0
446840,키움제8호스팩,KOSDAQ,0.0
054780,키이스트,KOSDAQ,0.0
256940,킵스파마,KOSDAQ,0.0
219130,타이거일렉,KOSDAQ,0.0
336680,탑런토탈솔루션,KOSDAQ,0.0
360070,탑머티리얼,KOSDAQ,0.0
065130,탑엔지니어링,KOSDAQ,0.0
134580,탑코미디어,KOSDAQ,0.0
023160,태광,KOSDAQ,0.0
323280,태성,KOSDAQ,0.0
053620,태양,KOSDAQ,0.0
044490,태웅,KOSDAQ,0.0
124560,태웅로직스,KOSDAQ,0.0
191420,테고사이언스,KOSDAQ,0.0
073640,테라사이언스,KOSDAQ,0.0
066700,테라젠이텍스,KOSDAQ,0.0
095610,테스,KOSDAQ,0.0
064520,테크엘,KOSDAQ,0.0
089030,테크윙,KOSDAQ,0.0
054450,텔레칩스,KOSDAQ,0.0
200230,텔콘RF제약,KOSDAQ,0.0
393210,토마토시스템,KOSDAQ,0.0
475960,토모큐브,KOSDAQ,0.0
215480,토박스코리아,KOSDAQ,0.0
051360,토비스,KOSDAQ,0.0
045340,토탈소프트,KOSDAQ,0.0
108230,톱텍,KOSDAQ,0.0
079970,투비소프트,KOSDAQ,0.0
199800,툴젠,KOSDAQ,0.0
417790,트루엔,KOSDAQ,0.0
290090,트윔,KOSDAQ,0.0
026150,특수건설,KOSDAQ,0.0
464280,티디에스팜,KOSDAQ,0.0
117730,티로보틱스,KOSDAQ,0.0
033830,티비씨,KOSDAQ,0.0
057680,티사이언티픽,KOSDAQ,0.0
204610,티쓰리,KOSDAQ,0.0
125020,티씨머티리얼즈,KOSDAQ,0.0
064760,티씨케이,KOSDAQ,0.0
246710,티앤알바이오팹,KOSDAQ,0.0
340570,티앤엘,KOSDAQ,0.0
043220,티에스넥스젠,KOSDAQ,0.0
277880,티에스아이,KOSDAQ,0.0
131290,티에스이,KOSDAQ,0.0
425420,티에프이,KOSDAQ,0.0
484810,티엑스알로보틱스,KOSDAQ,0.0
131100,티엔엔터테인먼트,KOSDAQ,0.0
356860,티엘비,KOSDAQ,0.0
321550,티움바이오,KOSDAQ,0.0
425040,티이엠씨,KOSDAQ,0.0
241790,티이엠씨씨엔에스,KOSDAQ,0.0
104480,티케이케미칼,KOSDAQ,0.0
081150,티플랙스,KOSDAQ,0.0
130740,티피씨글로벌,KOSDAQ,0.0
084730,팅크웨어,KOSDAQ,0.0
440110,파두,KOSDAQ,0.0
033540,파라텍,KOSDAQ,0.0
388870,파로스아이바이오,KOSDAQ,0.0
043200,파루,KOSDAQ,0.0
214450,파마리서치,KOSDAQ,0.0
208340,파멥신,KOSDAQ,0.0
177830,파버나인,KOSDAQ,0.0
037070,파세코,KOSDAQ,0.0
150900,파수,KOSDAQ,0.0
037030,파워넷,KOSDAQ,0.0
047310,파워로직스,KOSDAQ,0.0
368770,파이버프로,KOSDAQ,0.0
170790,파이오링크,KOSDAQ,0.0
049120,파인디앤씨,KOSDAQ,0.0
038950,파인디지털,KOSDAQ,0.0
387570,파인메딕스,KOSDAQ,0.0
441270,파인엠텍,KOSDAQ,0.0
106240,파인테크닉스,KOSDAQ,0.0
131760,파인텍,KOSDAQ,0.0
065690,파커스,KOSDAQ,0.0
140860,파크시스템스,KOSDAQ,0.0
091700,파트론,KOSDAQ,0.0
032800,판타지오,KOSDAQ,0.0
318010,팜스빌,KOSDAQ,0.0
027710,팜스토리,KOSDAQ,0.0
225590,패션플랫폼,KOSDAQ,0.0
054300,팬스타엔터프라이즈,KOSDAQ,0.0
068050,팬엔터테인먼트,KOSDAQ,0.0
222110,팬젠,KOSDAQ,0.0
271830,팸텍,KOSDAQ,0.0
263750,펄어비스,KOSDAQ,0.0
251970,펌텍코리아,KOSDAQ,0.0
168360,펨트론,KOSDAQ,0.0
087010,펩트론,KOSDAQ,0.0
064800,포니링크,KOSDAQ,0.0
119500,포메탈,KOSDAQ,0.0
389140,포바이포,KOSDAQ,0.0
105760,포스뱅크,KOSDAQ,0.0
009520,포스코엠텍,KOSDAQ,0.0
189690,포시에스,KOSDAQ,0.0
318020,포인트모바일,KOSDAQ,0.0
256630,포인트엔지니어링,KOSDAQ,0.0
331380,포커스에이아이,KOSDAQ,0.0
208710,포톤,KOSDAQ,0.0
472850,폰드그룹,KOSDAQ,0.0
039980,폴라리스AI,KOSDAQ,0.0
041910,폴라리스AI파마,KOSDAQ,0.0
234100,폴라리스세원,KOSDAQ,0.0
041020,폴라리스오피스,KOSDAQ,0.0
114630,폴라리스우노,KOSDAQ,0.0
290720,푸드나무,KOSDAQ,0.0
005670,푸드웰,KOSDAQ,0.0
094940,푸른기술,KOSDAQ,0.0
057880,푸른소나무,KOSDAQ,0.0
007330,푸른저축은행,KOSDAQ,0.0
093380,풍강,KOSDAQ,0.0
023900,풍국주정,KOSDAQ,0.0
371950,풍원정밀,KOSDAQ,0.0
370090,퓨런티어,KOSDAQ,0.0
445180,퓨릿,KOSDAQ,0.0
151910,퓨처코어,KOSDAQ,0.0
220100,퓨쳐켐,KOSDAQ,0.0
035200,프럼파스트,KOSDAQ,0.0
334970,프레스티지바이오로직스,KOSDAQ,0.0
321260,프로이천,KOSDAQ,0.0
053610,프로텍,KOSDAQ,0.0
303360,프로티아,KOSDAQ,0.0
377220,프롬바이오,KOSDAQ,0.0
335810,프리시젼바이오,KOSDAQ,0.0
053160,프리엠스,KOSDAQ,0.0
405000,플라즈맵,KOSDAQ,0.0
041590,플래스크,KOSDAQ,0.0
367000,플래티어,KOSDAQ,0.0
075130,플랜티넷,KOSDAQ,0.0
237820,플레이디,KOSDAQ,0.0
023770,플레이위드,KOSDAQ,0.0
019570,플루토스,KOSDAQ,0.0
300080,플리토,KOSDAQ,0.0
033790,피노,KOSDAQ,0.0
032580,피델릭스,KOSDAQ,0.0
051380,피씨디렉트,KOSDAQ,0.0
241820,피씨엘,KOSDAQ,0.0
452450,피아이이,KOSDAQ,0.0
237750,피앤씨테크,KOSDAQ,0.0
460940,피앤에스미캐닉스,KOSDAQ,0.0
319660,피에스케이,KOSDAQ,0.0
031980,피에스케이홀딩스,KOSDAQ,0.0
002230,피에스텍,KOSDAQ,0.0
043370,피에이치에이,KOSDAQ,0.0
239890,피엔에이치테크,KOSDAQ,0.0
347740,피엔케이피부임상연구센타,KOSDAQ,0.0
137400,피엔티,KOSDAQ,0.0
257370,피엔티엠에스,KOSDAQ,0.0
147760,피엠티,KOSDAQ,0.0
128660,피제이메탈,KOSDAQ,0.0
006140,피제이전자,KOSDAQ,0.0
376180,피코그램,KOSDAQ,0.0
304840,피플바이오,KOSDAQ,0.0
087600,픽셀플러스,KOSDAQ,0.0
291810,핀텔,KOSDAQ,0.0
378340,필에너지,KOSDAQ,0.0
161580,필옵틱스,KOSDAQ,0.0
347770,핌스,KOSDAQ,0.0
163730,핑거,KOSDAQ,0.0
417180,핑거스토리,KOSDAQ,0.0
446750,하나26호스팩,KOSDAQ,0.0
448370,하나27호스팩,KOSDAQ,0.0
454750,하나28호스팩,KOSDAQ,0.0
454640,하나29호스팩,KOSDAQ,0.0
469880,하나30호스팩,KOSDAQ,0.0
469900,하나31호스팩,KOSDAQ,0.0
475240,하나32호스팩,KOSDAQ,0.0
475250,하나33호스팩,KOSDAQ,0.0
484130,하나34호스팩,KOSDAQ,0.0
299030,하나기술,KOSDAQ,0.0
067310,하나마이크론,KOSDAQ,0.0
166090,하나머티리얼즈,KOSDAQ,0.0
136480,하림,KOSDAQ,0.0
003380,하림지주,KOSDAQ,0.0
450330,하스,KOSDAQ,0.0
101670,하이드로리튬,KOSDAQ,0.0
365590,하이딥,KOSDAQ,0.0
149980,하이로닉,KOSDAQ,0.0
013030,하이록코리아,KOSDAQ,0.0
126700,하이비젼시스템,KOSDAQ,0.0
450050,하이제8호스팩,KOSDAQ,0.0
160190,하이젠알앤엠,KOSDAQ,0.0
221840,하이즈항공,KOSDAQ,0.0
106190,하이텍팜,KOSDAQ,0.0
065650,하이퍼코퍼레이션,KOSDAQ,0.0
066130,하츠,KOSDAQ,0.0
004590,한국가구,KOSDAQ,0.0
039340,한국경제TV,KOSDAQ,0.0
034950,한국기업평가,KOSDAQ,0.0
222980,한국맥널티,KOSDAQ,0.0
256840,한국비엔씨,KOSDAQ,0.0
219750,한국비티비,KOSDAQ,0.0
025550,한국선재,KOSDAQ,0.0
017890,한국알콜,KOSDAQ,0.0
080720,한국유니온제약,KOSDAQ,0.0
041460,한국전자인증,KOSDAQ,0.0
101680,한국정밀기계,KOSDAQ,0.0
039740,한국정보공학,KOSDAQ,0.0
053300,한국정보인증,KOSDAQ,0.0
025770,한국정보통신,KOSDAQ,0.0
458610,한국제12호스팩,KOSDAQ,0.0
464440,한국제13호스팩,KOSDAQ,0.0
479880,한국제15호스팩,KOSDAQ,0.0
062970,한국첨단소재,KOSDAQ,0.0
023760,한국캐피탈,KOSDAQ,0.0
054040,한국컴퓨터,KOSDAQ,0.0
021650,한국큐빅,KOSDAQ,0.0
032300,한국파마,KOSDAQ,0.0
037230,한국팩키지,KOSDAQ,0.0
448900,한국피아이엠,KOSDAQ,0.0
030520,한글과컴퓨터,KOSDAQ,0.0
052600,한네트,KOSDAQ,0.0
256150,한독크린텍,KOSDAQ,0.0
092460,한라IMS,KOSDAQ,0.0
452190,한빛레이저,KOSDAQ,0.0
047080,한빛소프트,KOSDAQ,0.0
452280,한선엔지니어링,KOSDAQ,0.0
066980,한성크린텍,KOSDAQ,0.0
114810,한솔아이원스,KOSDAQ,0.0
070590,한솔인티큐브,KOSDAQ,0.0
226440,한송네오텍,KOSDAQ,0.0
042520,한스바이오메드,KOSDAQ,0.0
430690,한싹,KOSDAQ,0.0
078350,한양디지텍,KOSDAQ,0.0
045100,한양이엔지,KOSDAQ,0.0
320000,한울반도체,KOSDAQ,0.0
091440,한울소재과학,KOSDAQ,0.0
276730,한울앤제주,KOSDAQ,0.0
024740,한일단조,KOSDAQ,0.0
005860,한일사료,KOSDAQ,0.0
007770,한일화학,KOSDAQ,0.0
198940,한주라이트메탈,KOSDAQ,0.0
058450,한주에이알티,KOSDAQ,0.0
107640,한중엔시에스,KOSDAQ,0.0
079170,한창산업,KOSDAQ,0.0
054920,한컴위드,KOSDAQ,0.0
457370,한켐,KOSDAQ,0.0
002680,한탑,KOSDAQ,0.0
098070,한텍,KOSDAQ,0.0
455310,한화플러스제4호스팩,KOSDAQ,0.0
498390,한화플러스제5호스팩,KOSDAQ,0.0
034810,해성산업,KOSDAQ,0.0
03481K,해성산업1우,KOSDAQ,0.0
059270,해성에어로보틱스,KOSDAQ,0.0
076610,해성옵틱스,KOSDAQ,0.0
220180,핸디소프트,KOSDAQ,0.0
900270,헝셩그룹,KOSDAQ,0.0
214180,헥토이노베이션,KOSDAQ,0.0
234340,헥토파이낸셜,KOSDAQ,0.0
084990,헬릭스미스,KOSDAQ,0.0
187660,현대ADM,KOSDAQ,0.0
170030,현대공업,KOSDAQ,0.0
319400,현대무벡스,KOSDAQ,0.0
048410,현대바이오,KOSDAQ,0.0
052260,현대바이오랜드,KOSDAQ,0.0
016790,현대사료,KOSDAQ,0.0
041440,현대에버다임,KOSDAQ,0.0
039010,현대에이치티,KOSDAQ,0.0
090850,현대이지웰,KOSDAQ,0.0
460930,현대힘스,KOSDAQ,0.0
092300,현우산업,KOSDAQ,0.0
138360,협진,KOSDAQ,0.0
011080,형지I&C,KOSDAQ,0.0
308100,형지글로벌,KOSDAQ,0.0
060560,홈센타홀딩스,KOSDAQ,0.0
064240,홈캐스트,KOSDAQ,0.0
039610,화성밸브,KOSDAQ,0.0
126640,화신정공,KOSDAQ,0.0
127980,화인써키트,KOSDAQ,0.0
061250,화일약품,KOSDAQ,0.0
097870,효성오앤비,KOSDAQ,0.0
290270,휴네시온,KOSDAQ,0.0
353190,휴럼,KOSDAQ,0.0
090710,휴림로봇,KOSDAQ,0.0
078590,휴림에이텍,KOSDAQ,0.0
205470,휴마시스,KOSDAQ,0.0
115160,휴맥스,KOSDAQ,0.0
028080,휴맥스홀딩스,KOSDAQ,0.0
175140,휴먼테크놀로지,KOSDAQ,0.0
200670,휴메딕스,KOSDAQ,0.0
065510,휴비츠,KOSDAQ,0.0
263920,휴엠앤씨,KOSDAQ,0.0
243070,휴온스,KOSDAQ,0.0
084110,휴온스글로벌,KOSDAQ,0.0
145020,휴젤,KOSDAQ,0.0
024060,흥구석유,KOSDAQ,0.0
010240,흥국,KOSDAQ,0.0
189980,흥국에프엔비,KOSDAQ,0.0
037440,희림,KOSDAQ,0.0
238490,힘스,KOSDAQ,0.0
278990,EMB,KONEX,
343090,HLB사이언스,KONEX,
112190,KC산업,KONEX,
260870,SK시그넷,KONEX,
296520,가이아코퍼레이션,KONEX,
086220,광동헬스바이오,KONEX,
456700,길교이앤씨,KONEX,
244880,나눔테크,KONEX,
288490,나라소프트,KONEX,
257990,나우코스,KONEX,
317860,노드메이슨,KONEX,
229500,노브메타파마,KONEX,
178600,대동고려삼,KONEX,
114920,대주이엔티,KONEX,
302920,더콘텐츠온,KONEX,
199150,데이터스트림즈,KONEX,
227420,도부,KONEX,
403360,라피치,KONEX,
092590,럭스피아,KONEX,
238500,로보쓰리에이아이,KONEX,
223220,로지스몬,KONEX,
162120,루켄테크놀러지스,KONEX,
253610,루트락,KONEX,
448780,마이크로엔엑스,KONEX,
179720,머니무브,KONEX,
200580,메디쎄이,KONEX,
233250,메디안디노스틱,KONEX,
236340,메디젠휴먼케어,KONEX,
322970,무진메디,KONEX,
208890,미래엔에듀파트너,KONEX,
351020,미쥬,KONEX,
354390,바스칸바이오제약,KONEX,
266470,바이오인프라생명과학,KONEX,
289170,바이오텐,KONEX,
199290,바이오프로테크,KONEX,
206950,볼빅,KONEX,
191600,블루탑,KONEX,
266170,뿌리깊은나무들,KONEX,
012210,삼미금속,KONEX,
267080,세븐브로이맥주,KONEX,
185190,수프로,KONEX,
217320,썬테크,KONEX,
236030,씨알푸드,KONEX,
103660,씨앗,KONEX,
245450,씨앤에스링크,KONEX,
456570,아이엠지티,KONEX,
447690,아이오바이오,KONEX,
149010,아이케이세미콘,KONEX,
243870,아이티센코어,KONEX,
149300,아퓨어스,KONEX,
102950,아하,KONEX,
251280,안지오랩,KONEX,
390110,애니메디솔루션,KONEX,
224810,엄지하우스,KONEX,
270210,에스알바이오텍,KONEX,
217910,에스제이켐,KONEX,
495900,에이엠시지,KONEX,
234070,에이원알폼,KONEX,
207490,에이펙스인텍,KONEX,
446440,에피바이오텍,KONEX,
140610,엔솔바이오사이언스,KONEX,
238170,엔에스엠,KONEX,
224760,엔에스컴퍼니,KONEX,
093510,엔지브이아이,KONEX,
276240,엘리비젼,KONEX,
311060,엘에이티,KONEX,
212310,오건에코텍,KONEX,
332190,오션스바이오,KONEX,
122830,원포유,KONEX,
140660,위월드,KONEX,
121060,유니포인트,KONEX,
495810,유비씨,KONEX,
337840,유엑스엔,KONEX,
279060,이노벡스,KONEX,
208850,이비테크,KONEX,
379390,이성씨엔아이,KONEX,
341310,이앤에치,KONEX,
232530,이엠티,KONEX,
216400,인바이츠바이오코아,KONEX,
311960,인터로이드,KONEX,
066830,제노텍,KONEX,
254160,제이엠멀티,KONEX,
289860,지슨,KONEX,
299480,지앤이헬스케어,KONEX,
076340,지에이이노더스,KONEX,
388610,지에프씨생명과학,KONEX,
250030,진코스텍,KONEX,
233990,질경이,KONEX,
368030,창대정밀,KONEX,
402420,켈스,KONEX,
176590,코나솔,KONEX,
189350,코셋,KONEX,
169670,코스텍시스템,KONEX,
456190,큐라켐,KONEX,
086460,큐러블,KONEX,
136660,큐엠씨,KONEX,
215570,크로넥스,KONEX,
336040,타스컴,KONEX,
346010,타이드,KONEX,
318660,타임기술,KONEX,
476710,타조엔터테인먼트,KONEX,
434190,탈로스,KONEX,
180060,탑선,KONEX,
052960,태양3C,KONEX,
116100,태양기계,KONEX,
308700,테크엔,KONEX,
258050,테크트랜스,KONEX,
413300,티엘엔지니어링,KONEX,
217880,틸론,KONEX,
217950,파마리서치바이오,KONEX,
266870,파워풀엑스,KONEX,
202960,판도라티비,KONEX,
266350,팡스카이,KONEX,
327610,펨토바이오메드,KONEX,
341170,퓨쳐메디신,KONEX,
296160,프로젠,KONEX,
222670,플럼라인생명과학,KONEX,
331660,한국미라클피플사,KONEX,
